{"_approachDistance": 50, "_approachTime": 1, "_name": "Logic", "_notes": [{"_time": 4.324, "_x": 1, "_y": 1}, {"_time": 4.505, "_x": 0, "_y": 1}, {"_time": 4.685, "_x": -1, "_y": 1}, {"_time": 4.865, "_x": -1, "_y": 0}, {"_time": 5.045, "_x": 0, "_y": 0}, {"_time": 5.225, "_x": 1, "_y": 0}, {"_time": 5.405, "_x": 1, "_y": -1}, {"_time": 5.586, "_x": 0, "_y": -1}, {"_time": 5.766, "_x": -1, "_y": -1}, {"_time": 5.946, "_x": -1, "_y": 0}, {"_time": 6.126, "_x": -1, "_y": 1}, {"_time": 6.306, "_x": 0, "_y": 1}, {"_time": 6.486, "_x": 0, "_y": 0}, {"_time": 6.667, "_x": 0, "_y": -1}, {"_time": 6.847, "_x": 1, "_y": -1}, {"_time": 7.027, "_x": 1, "_y": 0}, {"_time": 7.207, "_x": 1, "_y": 1}, {"_time": 7.387, "_x": 0, "_y": 1}, {"_time": 7.568, "_x": -1, "_y": 1}, {"_time": 7.748, "_x": -1, "_y": 0}, {"_time": 7.928, "_x": -1, "_y": -1}, {"_time": 8.108, "_x": 0, "_y": -1}, {"_time": 8.288, "_x": 0, "_y": 0}, {"_time": 8.468, "_x": 0, "_y": 1}, {"_time": 8.649, "_x": 1, "_y": 1}, {"_time": 8.829, "_x": 1, "_y": 0}, {"_time": 9.009, "_x": 1, "_y": -1}, {"_time": 9.189, "_x": 0, "_y": -1}, {"_time": 9.369, "_x": -1, "_y": -1}, {"_time": 9.55, "_x": -1, "_y": 0}, {"_time": 9.73, "_x": 0, "_y": 0}, {"_time": 9.91, "_x": 1, "_y": 0}, {"_time": 10.09, "_x": 1, "_y": 1}, {"_time": 10.27, "_x": 0, "_y": 1}, {"_time": 10.45, "_x": -1, "_y": 0}, {"_time": 10.631, "_x": 0, "_y": 0}, {"_time": 10.811, "_x": 1, "_y": -1}, {"_time": 10.991, "_x": 0, "_y": -1}, {"_time": 11.171, "_x": -1, "_y": 0}, {"_time": 11.351, "_x": -1, "_y": 1}, {"_time": 11.532, "_x": 0, "_y": 0}, {"_time": 11.712, "_x": 0, "_y": -1}, {"_time": 11.892, "_x": 1, "_y": 0}, {"_time": 12.072, "_x": 1, "_y": 1}, {"_time": 12.252, "_x": 0, "_y": 1}, {"_time": 12.432, "_x": -1, "_y": 0}, {"_time": 12.613, "_x": 0, "_y": 0}, {"_time": 12.793, "_x": 1, "_y": -1}, {"_time": 12.973, "_x": 0, "_y": -1}, {"_time": 13.153, "_x": -1, "_y": 0}, {"_time": 13.333, "_x": -1, "_y": 1}, {"_time": 13.514, "_x": 0, "_y": 1}, {"_time": 13.694, "_x": 1, "_y": 0}, {"_time": 13.874, "_x": 0, "_y": 0}, {"_time": 14.054, "_x": -1, "_y": -1}, {"_time": 14.234, "_x": 0, "_y": -1}, {"_time": 14.414, "_x": 1, "_y": 0}, {"_time": 14.595, "_x": 1, "_y": 1}, {"_time": 14.775, "_x": 0, "_y": 0}, {"_time": 14.955, "_x": 0, "_y": -1}, {"_time": 15.135, "_x": -1, "_y": 0}, {"_time": 15.315, "_x": -1, "_y": 1}, {"_time": 15.495, "_x": 0, "_y": 1}, {"_time": 15.676, "_x": 1, "_y": 0}, {"_time": 15.856, "_x": 1, "_y": -1}, {"_time": 16.036, "_x": 0, "_y": 1}, {"_time": 16.216, "_x": -1, "_y": -1}, {"_time": 16.396, "_x": 1, "_y": 0}, {"_time": 16.577, "_x": -1, "_y": 1}, {"_time": 16.667, "_x": -1, "_y": 0}, {"_time": 16.757, "_x": 1, "_y": -1}, {"_time": 16.937, "_x": 0, "_y": 1}, {"_time": 17.117, "_x": -1, "_y": -1}, {"_time": 17.207, "_x": 0, "_y": -1}, {"_time": 17.297, "_x": 1, "_y": 1}, {"_time": 17.477, "_x": -1, "_y": 0}, {"_time": 17.658, "_x": 1, "_y": -1}, {"_time": 17.838, "_x": 0, "_y": 1}, {"_time": 18.018, "_x": -1, "_y": -1}, {"_time": 18.108, "_x": -1, "_y": -1}, {"_time": 18.198, "_x": 1, "_y": 0}, {"_time": 18.288, "_x": 1, "_y": 0}, {"_time": 18.378, "_x": -1, "_y": 1}, {"_time": 18.559, "_x": 0, "_y": -1}, {"_time": 18.739, "_x": 1, "_y": 1}, {"_time": 18.919, "_x": -1, "_y": 0}, {"_time": 19.099, "_x": 1, "_y": -1}, {"_time": 19.279, "_x": 1, "_y": 1}, {"_time": 19.369, "_x": 0, "_y": 1}, {"_time": 19.459, "_x": -1, "_y": -1}, {"_time": 19.64, "_x": 1, "_y": 0}, {"_time": 19.82, "_x": -1, "_y": 1}, {"_time": 19.91, "_x": -1, "_y": 0}, {"_time": 20, "_x": 1, "_y": -1}, {"_time": 20.18, "_x": 0, "_y": 1}, {"_time": 20.36, "_x": -1, "_y": -1}, {"_time": 20.541, "_x": 1, "_y": 0}, {"_time": 20.721, "_x": -1, "_y": 1}, {"_time": 20.901, "_x": 0, "_y": -1}, {"_time": 21.081, "_x": 1, "_y": 1}, {"_time": 21.171, "_x": 1, "_y": 1}, {"_time": 21.261, "_x": -1, "_y": 0}, {"_time": 21.351, "_x": -1, "_y": 0}, {"_time": 21.441, "_x": 1, "_y": -1}, {"_time": 21.532, "_x": 1, "_y": -1}, {"_time": 21.622, "_x": 0, "_y": 1}, {"_time": 21.802, "_x": 0, "_y": -1}, {"_time": 21.982, "_x": -1, "_y": 1}, {"_time": 22.162, "_x": -1, "_y": -1}, {"_time": 22.342, "_x": 0, "_y": 1}, {"_time": 22.523, "_x": 0, "_y": -1}, {"_time": 22.703, "_x": 1, "_y": 1}, {"_time": 22.883, "_x": 1, "_y": -1}, {"_time": 23.063, "_x": 0, "_y": 1}, {"_time": 23.243, "_x": 0, "_y": -1}, {"_time": 23.423, "_x": -1, "_y": 1}, {"_time": 23.604, "_x": -1, "_y": -1}, {"_time": 23.784, "_x": 0, "_y": 1}, {"_time": 23.964, "_x": 0, "_y": -1}, {"_time": 24.144, "_x": 1, "_y": 1}, {"_time": 24.234, "_x": 1, "_y": 1}, {"_time": 24.324, "_x": -1, "_y": 0}, {"_time": 24.414, "_x": -1, "_y": 0}, {"_time": 24.505, "_x": 1, "_y": -1}, {"_time": 24.685, "_x": 1, "_y": 1}, {"_time": 24.865, "_x": 0, "_y": -1}, {"_time": 25.045, "_x": 0, "_y": 1}, {"_time": 25.225, "_x": -1, "_y": -1}, {"_time": 25.405, "_x": -1, "_y": 1}, {"_time": 25.586, "_x": 0, "_y": -1}, {"_time": 25.766, "_x": 0, "_y": 1}, {"_time": 25.946, "_x": 1, "_y": -1}, {"_time": 26.126, "_x": 1, "_y": 1}, {"_time": 26.306, "_x": 0, "_y": -1}, {"_time": 26.486, "_x": 0, "_y": 1}, {"_time": 26.667, "_x": -1, "_y": -1}, {"_time": 26.757, "_x": -1, "_y": 0}, {"_time": 26.847, "_x": -1, "_y": 1}, {"_time": 27.027, "_x": 0, "_y": -1}, {"_time": 27.207, "_x": 1, "_y": 1}, {"_time": 27.297, "_x": 1, "_y": 0}, {"_time": 27.387, "_x": 1, "_y": -1}, {"_time": 29.64, "_x": 1, "_y": 1}, {"_time": 29.82, "_x": 0, "_y": -1}, {"_time": 30, "_x": 0, "_y": 1}, {"_time": 30.18, "_x": 1, "_y": -1}, {"_time": 30.36, "_x": -1, "_y": 1}, {"_time": 30.541, "_x": 0, "_y": -1}, {"_time": 30.631, "_x": 1, "_y": 1}, {"_time": 30.721, "_x": 1, "_y": 1}, {"_time": 30.901, "_x": -1, "_y": 0}, {"_time": 30.991, "_x": 1, "_y": 0}, {"_time": 31.171, "_x": -1, "_y": -1}, {"_time": 31.261, "_x": 0, "_y": 1}, {"_time": 31.441, "_x": 1, "_y": -1}, {"_time": 31.532, "_x": -1, "_y": 1}, {"_time": 31.622, "_x": 1, "_y": 0}, {"_time": 31.802, "_x": -1, "_y": -1}, {"_time": 31.892, "_x": 0, "_y": -1}, {"_time": 31.982, "_x": 1, "_y": -1}, {"_time": 32.072, "_x": 1, "_y": 0}, {"_time": 32.162, "_x": 1, "_y": 1}, {"_time": 32.342, "_x": -1, "_y": 0}, {"_time": 32.432, "_x": 1, "_y": 0}, {"_time": 32.523, "_x": -1, "_y": -1}, {"_time": 32.613, "_x": 1, "_y": 1}, {"_time": 32.703, "_x": 0, "_y": -1}, {"_time": 32.793, "_x": -1, "_y": 1}, {"_time": 32.883, "_x": 1, "_y": -1}, {"_time": 32.973, "_x": 1, "_y": 0}, {"_time": 33.063, "_x": 1, "_y": 1}, {"_time": 33.243, "_x": -1, "_y": -1}, {"_time": 33.423, "_x": 1, "_y": 0}, {"_time": 33.514, "_x": 1, "_y": 0}, {"_time": 33.604, "_x": -1, "_y": 0}, {"_time": 33.784, "_x": 1, "_y": -1}, {"_time": 33.874, "_x": 0, "_y": 1}, {"_time": 34.054, "_x": -1, "_y": -1}, {"_time": 34.144, "_x": 1, "_y": 1}, {"_time": 34.324, "_x": -1, "_y": 0}, {"_time": 34.414, "_x": -1, "_y": -1}, {"_time": 34.505, "_x": 1, "_y": -1}, {"_time": 34.685, "_x": 1, "_y": 1}, {"_time": 34.775, "_x": 0, "_y": 1}, {"_time": 34.865, "_x": -1, "_y": 1}, {"_time": 34.955, "_x": -1, "_y": 0}, {"_time": 35.045, "_x": -1, "_y": -1}, {"_time": 35.225, "_x": 1, "_y": 0}, {"_time": 35.315, "_x": 0, "_y": 0}, {"_time": 35.405, "_x": -1, "_y": 0}, {"_time": 35.495, "_x": 1, "_y": -1}, {"_time": 35.586, "_x": -1, "_y": 1}, {"_time": 35.676, "_x": 1, "_y": 0}, {"_time": 35.766, "_x": -1, "_y": -1}, {"_time": 35.811, "_x": -1, "_y": -1}, {"_time": 35.946, "_x": 1, "_y": 1}, {"_time": 35.991, "_x": 1, "_y": 1}, {"_time": 36.126, "_x": -1, "_y": -1}, {"_time": 36.306, "_x": 1, "_y": 1}, {"_time": 36.486, "_x": 0, "_y": -1}, {"_time": 36.667, "_x": -1, "_y": 1}, {"_time": 36.847, "_x": 1, "_y": -1}, {"_time": 37.027, "_x": 0, "_y": 1}, {"_time": 37.207, "_x": -1, "_y": -1}, {"_time": 37.387, "_x": 1, "_y": 0}, {"_time": 37.477, "_x": -1, "_y": 0}, {"_time": 37.568, "_x": 1, "_y": 1}, {"_time": 37.658, "_x": 0, "_y": -1}, {"_time": 37.748, "_x": -1, "_y": 1}, {"_time": 37.838, "_x": 1, "_y": -1}, {"_time": 37.928, "_x": 0, "_y": 1}, {"_time": 38.108, "_x": -1, "_y": -1}, {"_time": 38.288, "_x": 1, "_y": 0}, {"_time": 38.468, "_x": -1, "_y": 1}, {"_time": 38.514, "_x": -1, "_y": 0}, {"_time": 38.559, "_x": -1, "_y": -1}, {"_time": 38.604, "_x": 0, "_y": -1}, {"_time": 38.649, "_x": 1, "_y": -1}, {"_time": 38.829, "_x": 0, "_y": 1}, {"_time": 39.009, "_x": -1, "_y": -1}, {"_time": 39.189, "_x": 1, "_y": 1}, {"_time": 39.369, "_x": 0, "_y": -1}, {"_time": 39.55, "_x": 0, "_y": 1}, {"_time": 39.73, "_x": 1, "_y": -1}, {"_time": 39.91, "_x": -1, "_y": 1}, {"_time": 40.09, "_x": 0, "_y": -1}, {"_time": 40.27, "_x": 1, "_y": 1}, {"_time": 40.36, "_x": -1, "_y": -1}, {"_time": 40.45, "_x": 0, "_y": 1}, {"_time": 40.541, "_x": 1, "_y": -1}, {"_time": 40.631, "_x": 1, "_y": 1}, {"_time": 40.721, "_x": 0, "_y": -1}, {"_time": 40.811, "_x": -1, "_y": 1}, {"_time": 40.991, "_x": 1, "_y": -1}, {"_time": 41.171, "_x": -1, "_y": 0}, {"_time": 41.351, "_x": 1, "_y": 0}, {"_time": 41.622, "_x": -1, "_y": 1}, {"_time": 41.802, "_x": 0, "_y": -1}, {"_time": 41.982, "_x": 1, "_y": 1}, {"_time": 42.072, "_x": 1, "_y": 1}, {"_time": 42.162, "_x": -1, "_y": -1}, {"_time": 42.342, "_x": 0, "_y": 1}, {"_time": 42.432, "_x": 0, "_y": -1}, {"_time": 42.613, "_x": -1, "_y": 1}, {"_time": 42.703, "_x": 1, "_y": -1}, {"_time": 42.883, "_x": -1, "_y": 0}, {"_time": 42.973, "_x": 1, "_y": 1}, {"_time": 43.063, "_x": 0, "_y": -1}, {"_time": 43.153, "_x": -1, "_y": 1}, {"_time": 43.333, "_x": 1, "_y": 0}, {"_time": 43.423, "_x": 0, "_y": 0}, {"_time": 43.514, "_x": -1, "_y": 0}, {"_time": 43.694, "_x": 1, "_y": -1}, {"_time": 43.874, "_x": 0, "_y": 1}, {"_time": 43.964, "_x": 0, "_y": 0}, {"_time": 44.054, "_x": 0, "_y": -1}, {"_time": 44.234, "_x": -1, "_y": 1}, {"_time": 44.324, "_x": 1, "_y": -1}, {"_time": 44.414, "_x": -1, "_y": 0}, {"_time": 44.505, "_x": -1, "_y": 0}, {"_time": 44.595, "_x": 1, "_y": 1}, {"_time": 44.775, "_x": 0, "_y": -1}, {"_time": 44.955, "_x": -1, "_y": 1}, {"_time": 45.045, "_x": -1, "_y": 1}, {"_time": 45.135, "_x": 1, "_y": 0}, {"_time": 45.315, "_x": -1, "_y": 0}, {"_time": 45.405, "_x": 1, "_y": -1}, {"_time": 45.586, "_x": 0, "_y": 1}, {"_time": 45.766, "_x": 0, "_y": -1}, {"_time": 45.856, "_x": 1, "_y": 1}, {"_time": 45.946, "_x": -1, "_y": -1}, {"_time": 46.036, "_x": 1, "_y": 0}, {"_time": 46.216, "_x": -1, "_y": 1}, {"_time": 46.306, "_x": -1, "_y": 0}, {"_time": 46.396, "_x": -1, "_y": -1}, {"_time": 46.486, "_x": 0, "_y": -1}, {"_time": 46.577, "_x": 1, "_y": -1}, {"_time": 46.757, "_x": 0, "_y": 1}, {"_time": 46.847, "_x": -1, "_y": -1}, {"_time": 47.027, "_x": 1, "_y": 0}, {"_time": 47.117, "_x": -1, "_y": 0}, {"_time": 47.297, "_x": 1, "_y": -1}, {"_time": 47.342, "_x": 1, "_y": -1}, {"_time": 47.477, "_x": -1, "_y": 1}, {"_time": 47.523, "_x": -1, "_y": 1}, {"_time": 47.658, "_x": 1, "_y": -1}, {"_time": 47.838, "_x": 0, "_y": 1}, {"_time": 48.018, "_x": -1, "_y": -1}, {"_time": 48.198, "_x": 1, "_y": 0}, {"_time": 48.378, "_x": -1, "_y": 1}, {"_time": 48.559, "_x": 0, "_y": -1}, {"_time": 48.739, "_x": 1, "_y": 1}, {"_time": 48.919, "_x": -1, "_y": -1}, {"_time": 49.009, "_x": 0, "_y": 1}, {"_time": 49.099, "_x": 1, "_y": -1}, {"_time": 49.189, "_x": -1, "_y": 1}, {"_time": 49.279, "_x": 0, "_y": -1}, {"_time": 49.459, "_x": 1, "_y": 1}, {"_time": 49.64, "_x": -1, "_y": 0}, {"_time": 49.82, "_x": 1, "_y": -1}, {"_time": 50, "_x": 0, "_y": 1}, {"_time": 50.18, "_x": -1, "_y": -1}, {"_time": 50.541, "_x": 1, "_y": 0}, {"_time": 50.721, "_x": -1, "_y": 0}, {"_time": 50.901, "_x": 1, "_y": -1}, {"_time": 51.081, "_x": 0, "_y": 1}, {"_time": 51.261, "_x": -1, "_y": -1}, {"_time": 51.441, "_x": 1, "_y": 0}, {"_time": 51.622, "_x": -1, "_y": 1}, {"_time": 51.802, "_x": -1, "_y": -1}, {"_time": 51.847, "_x": 0, "_y": -1}, {"_time": 51.892, "_x": 1, "_y": -1}, {"_time": 51.937, "_x": 1, "_y": 0}, {"_time": 51.982, "_x": 1, "_y": 1}, {"_time": 52.072, "_x": 0, "_y": -1}, {"_time": 52.162, "_x": -1, "_y": 1}, {"_time": 52.252, "_x": 1, "_y": -1}, {"_time": 52.342, "_x": 0, "_y": 1}, {"_time": 52.432, "_x": -1, "_y": -1}, {"_time": 52.523, "_x": 1, "_y": 0}, {"_time": 52.613, "_x": -1, "_y": 1}, {"_time": 52.703, "_x": 0, "_y": -1}, {"_time": 52.793, "_x": 1, "_y": 1}, {"_time": 52.883, "_x": -1, "_y": -1}, {"_time": 52.973, "_x": 1, "_y": 0}, {"_time": 53.063, "_x": -1, "_y": 1}, {"_time": 53.423, "_x": 1, "_y": 1}, {"_time": 53.784, "_x": -1, "_y": -1}, {"_time": 54.144, "_x": 1, "_y": 0}, {"_time": 54.505, "_x": -1, "_y": 1}, {"_time": 54.865, "_x": -1, "_y": -1}, {"_time": 55.225, "_x": 1, "_y": -1}, {"_time": 55.405, "_x": 1, "_y": 0}, {"_time": 55.586, "_x": 1, "_y": 1}, {"_time": 55.946, "_x": -1, "_y": 0}, {"_time": 56.306, "_x": 1, "_y": -1}, {"_time": 56.667, "_x": 0, "_y": 1}, {"_time": 57.027, "_x": -1, "_y": -1}, {"_time": 57.387, "_x": 1, "_y": 1}, {"_time": 57.748, "_x": 1, "_y": -1}, {"_time": 58.108, "_x": -1, "_y": -1}, {"_time": 58.288, "_x": -1, "_y": 0}, {"_time": 58.468, "_x": -1, "_y": 1}, {"_time": 59.189, "_x": 1, "_y": 1}, {"_time": 59.369, "_x": 1, "_y": -1}, {"_time": 59.55, "_x": 1, "_y": 1}, {"_time": 59.73, "_x": 1, "_y": -1}, {"_time": 59.91, "_x": 1, "_y": 1}, {"_time": 60.09, "_x": 1, "_y": -1}, {"_time": 60.27, "_x": 1, "_y": 1}, {"_time": 60.45, "_x": 1, "_y": -1}, {"_time": 60.631, "_x": -1, "_y": -1}, {"_time": 60.811, "_x": -1, "_y": 1}, {"_time": 60.991, "_x": -1, "_y": -1}, {"_time": 61.171, "_x": -1, "_y": 1}, {"_time": 61.351, "_x": -1, "_y": -1}, {"_time": 61.532, "_x": -1, "_y": 1}, {"_time": 61.712, "_x": 1, "_y": 1}, {"_time": 61.757, "_x": 1, "_y": 0}, {"_time": 61.802, "_x": 1, "_y": -1}, {"_time": 61.847, "_x": 0, "_y": -1}, {"_time": 61.892, "_x": 0, "_y": 0}, {"_time": 61.937, "_x": 0, "_y": 1}, {"_time": 61.982, "_x": -1, "_y": 1}, {"_time": 62.027, "_x": -1, "_y": 0}, {"_time": 62.072, "_x": -1, "_y": -1}, {"_time": 62.252, "_x": 1, "_y": -1}, {"_time": 62.432, "_x": -1, "_y": 0}, {"_time": 62.613, "_x": 1, "_y": 0}, {"_time": 62.793, "_x": -1, "_y": 1}, {"_time": 62.973, "_x": 1, "_y": 1}, {"_time": 63.153, "_x": -1, "_y": -1}, {"_time": 63.333, "_x": -1, "_y": 1}, {"_time": 63.514, "_x": 1, "_y": -1}, {"_time": 63.604, "_x": 0, "_y": 1}, {"_time": 63.694, "_x": -1, "_y": -1}, {"_time": 63.784, "_x": 1, "_y": 0}, {"_time": 63.874, "_x": -1, "_y": 1}, {"_time": 63.964, "_x": 0, "_y": -1}, {"_time": 64.054, "_x": 1, "_y": 1}, {"_time": 64.144, "_x": -1, "_y": 0}, {"_time": 64.234, "_x": 1, "_y": -1}, {"_time": 64.324, "_x": 0, "_y": 1}, {"_time": 64.414, "_x": -1, "_y": -1}, {"_time": 64.505, "_x": 1, "_y": 0}, {"_time": 64.595, "_x": -1, "_y": 1}, {"_time": 64.64, "_x": -1, "_y": 1}, {"_time": 64.685, "_x": 0, "_y": -1}, {"_time": 64.73, "_x": 0, "_y": -1}, {"_time": 64.775, "_x": 1, "_y": 1}, {"_time": 64.82, "_x": 1, "_y": 1}, {"_time": 64.865, "_x": -1, "_y": -1}, {"_time": 64.91, "_x": -1, "_y": -1}, {"_time": 64.955, "_x": 1, "_y": 0}, {"_time": 65.135, "_x": -1, "_y": 1}, {"_time": 65.315, "_x": 0, "_y": -1}, {"_time": 65.495, "_x": 1, "_y": 1}, {"_time": 65.676, "_x": -1, "_y": -1}, {"_time": 65.856, "_x": 1, "_y": 0}, {"_time": 66.036, "_x": -1, "_y": 1}, {"_time": 66.216, "_x": 1, "_y": -1}, {"_time": 66.261, "_x": 1, "_y": -1}, {"_time": 66.306, "_x": 0, "_y": 1}, {"_time": 66.351, "_x": 0, "_y": 1}, {"_time": 66.396, "_x": -1, "_y": -1}, {"_time": 66.577, "_x": 1, "_y": 0}, {"_time": 66.757, "_x": -1, "_y": 1}, {"_time": 66.937, "_x": 0, "_y": -1}, {"_time": 67.117, "_x": 1, "_y": 1}, {"_time": 67.297, "_x": -1, "_y": -1}, {"_time": 67.342, "_x": 0, "_y": -1}, {"_time": 67.387, "_x": 1, "_y": -1}, {"_time": 67.432, "_x": 1, "_y": 0}, {"_time": 67.477, "_x": 1, "_y": 1}, {"_time": 67.568, "_x": -1, "_y": 1}, {"_time": 67.658, "_x": 0, "_y": -1}, {"_time": 67.703, "_x": 0, "_y": -1}, {"_time": 67.748, "_x": 1, "_y": 1}, {"_time": 67.793, "_x": 1, "_y": 1}, {"_time": 67.838, "_x": -1, "_y": -1}, {"_time": 68.018, "_x": 1, "_y": 0}, {"_time": 68.198, "_x": -1, "_y": 1}, {"_time": 68.378, "_x": 0, "_y": -1}, {"_time": 68.559, "_x": 1, "_y": 1}, {"_time": 68.739, "_x": -1, "_y": -1}, {"_time": 68.919, "_x": 1, "_y": 0}, {"_time": 69.099, "_x": -1, "_y": 1}, {"_time": 69.144, "_x": -1, "_y": 0}, {"_time": 69.189, "_x": -1, "_y": -1}, {"_time": 69.234, "_x": 0, "_y": -1}, {"_time": 69.279, "_x": 1, "_y": -1}, {"_time": 69.459, "_x": 1, "_y": 1}, {"_time": 69.64, "_x": -1, "_y": -1}, {"_time": 69.82, "_x": 1, "_y": 0}, {"_time": 70, "_x": -1, "_y": 1}, {"_time": 70.045, "_x": -1, "_y": 1}, {"_time": 70.09, "_x": 0, "_y": -1}, {"_time": 70.135, "_x": 0, "_y": -1}, {"_time": 70.18, "_x": 1, "_y": 1}, {"_time": 70.225, "_x": 1, "_y": 1}, {"_time": 70.27, "_x": -1, "_y": -1}, {"_time": 70.36, "_x": 1, "_y": 0}, {"_time": 70.541, "_x": -1, "_y": 0}, {"_time": 70.721, "_x": 1, "_y": 1}, {"_time": 70.811, "_x": 1, "_y": -1}, {"_time": 70.901, "_x": 1, "_y": 1}, {"_time": 70.991, "_x": 1, "_y": -1}, {"_time": 71.081, "_x": 0, "_y": 1}, {"_time": 71.171, "_x": 0, "_y": -1}, {"_time": 71.261, "_x": 0, "_y": 1}, {"_time": 71.351, "_x": 0, "_y": -1}, {"_time": 71.441, "_x": -1, "_y": 1}, {"_time": 71.532, "_x": -1, "_y": -1}, {"_time": 71.622, "_x": -1, "_y": 1}, {"_time": 71.712, "_x": -1, "_y": -1}, {"_time": 71.802, "_x": 0, "_y": 1}, {"_time": 71.892, "_x": 0, "_y": -1}, {"_time": 71.982, "_x": 0, "_y": 1}, {"_time": 72.027, "_x": 0, "_y": 0}, {"_time": 72.072, "_x": 0, "_y": -1}, {"_time": 72.162, "_x": 1, "_y": 1}, {"_time": 72.252, "_x": -1, "_y": -1}, {"_time": 72.342, "_x": 1, "_y": 1}, {"_time": 72.432, "_x": -1, "_y": -1}, {"_time": 72.523, "_x": 1, "_y": 0}, {"_time": 72.613, "_x": -1, "_y": 0}, {"_time": 72.703, "_x": 1, "_y": 0}, {"_time": 72.793, "_x": -1, "_y": 0}, {"_time": 72.883, "_x": 1, "_y": -1}, {"_time": 72.973, "_x": -1, "_y": 1}, {"_time": 73.063, "_x": 1, "_y": -1}, {"_time": 73.108, "_x": 0, "_y": 0}, {"_time": 73.153, "_x": -1, "_y": 1}, {"_time": 73.243, "_x": 0, "_y": -1}, {"_time": 73.333, "_x": 0, "_y": 1}, {"_time": 73.423, "_x": 0, "_y": -1}, {"_time": 73.468, "_x": 0, "_y": 0}, {"_time": 73.514, "_x": 0, "_y": 1}, {"_time": 73.604, "_x": -1, "_y": -1}, {"_time": 73.694, "_x": 1, "_y": -1}, {"_time": 73.784, "_x": -1, "_y": -1}, {"_time": 73.874, "_x": 1, "_y": -1}, {"_time": 73.964, "_x": -1, "_y": 0}, {"_time": 74.054, "_x": 1, "_y": 0}, {"_time": 74.144, "_x": -1, "_y": 0}, {"_time": 74.234, "_x": 1, "_y": 0}, {"_time": 74.324, "_x": -1, "_y": 1}, {"_time": 74.414, "_x": 1, "_y": 1}, {"_time": 74.505, "_x": -1, "_y": 1}, {"_time": 74.595, "_x": 1, "_y": 1}, {"_time": 74.685, "_x": -1, "_y": 0}, {"_time": 74.775, "_x": 1, "_y": 0}, {"_time": 74.82, "_x": 0, "_y": 0}, {"_time": 74.865, "_x": -1, "_y": 0}, {"_time": 74.955, "_x": 1, "_y": 0}, {"_time": 75.045, "_x": -1, "_y": -1}, {"_time": 75.135, "_x": 1, "_y": 1}, {"_time": 75.225, "_x": -1, "_y": -1}, {"_time": 75.315, "_x": 1, "_y": 1}, {"_time": 75.405, "_x": 0, "_y": -1}, {"_time": 75.495, "_x": 0, "_y": 1}, {"_time": 75.586, "_x": 0, "_y": -1}, {"_time": 75.676, "_x": 0, "_y": 1}, {"_time": 75.766, "_x": 1, "_y": -1}, {"_time": 75.856, "_x": -1, "_y": 1}, {"_time": 75.946, "_x": 1, "_y": -1}, {"_time": 75.991, "_x": 0, "_y": 0}, {"_time": 76.036, "_x": -1, "_y": 1}, {"_time": 76.486, "_x": 1, "_y": 0}, {"_time": 76.667, "_x": 0, "_y": 0}, {"_time": 76.847, "_x": -1, "_y": 0}, {"_time": 77.027, "_x": 1, "_y": -1}, {"_time": 77.387, "_x": -1, "_y": 1}, {"_time": 77.748, "_x": 0, "_y": -1}, {"_time": 77.928, "_x": 1, "_y": 1}, {"_time": 78.108, "_x": 1, "_y": 0}, {"_time": 78.288, "_x": 1, "_y": -1}, {"_time": 78.468, "_x": -1, "_y": 0}, {"_time": 79.009, "_x": 1, "_y": 1}, {"_time": 79.369, "_x": 0, "_y": -1}, {"_time": 79.55, "_x": 0, "_y": 0}, {"_time": 79.73, "_x": 0, "_y": 1}, {"_time": 79.91, "_x": -1, "_y": -1}, {"_time": 80.27, "_x": 1, "_y": 1}, {"_time": 80.631, "_x": 0, "_y": -1}, {"_time": 80.811, "_x": -1, "_y": 1}, {"_time": 80.991, "_x": -1, "_y": 0}, {"_time": 81.171, "_x": -1, "_y": -1}, {"_time": 81.351, "_x": 1, "_y": 0}, {"_time": 81.532, "_x": -1, "_y": 1}, {"_time": 81.712, "_x": 0, "_y": -1}, {"_time": 81.892, "_x": 0, "_y": 1}, {"_time": 82.072, "_x": 1, "_y": -1}, {"_time": 82.252, "_x": -1, "_y": 1}, {"_time": 82.432, "_x": -1, "_y": 0}, {"_time": 82.613, "_x": -1, "_y": -1}, {"_time": 82.793, "_x": 0, "_y": -1}, {"_time": 82.973, "_x": 0, "_y": 0}, {"_time": 83.153, "_x": 0, "_y": 1}, {"_time": 83.333, "_x": 1, "_y": 1}, {"_time": 83.514, "_x": 1, "_y": 0}, {"_time": 83.694, "_x": 1, "_y": -1}, {"_time": 83.874, "_x": 0, "_y": -1}, {"_time": 84.054, "_x": -1, "_y": -1}, {"_time": 84.234, "_x": -1, "_y": 0}, {"_time": 84.414, "_x": 0, "_y": 0}, {"_time": 84.595, "_x": 1, "_y": 0}, {"_time": 84.775, "_x": 1, "_y": 1}, {"_time": 84.955, "_x": 0, "_y": 1}, {"_time": 85.135, "_x": -1, "_y": 1}, {"_time": 85.225, "_x": -1, "_y": 0}, {"_time": 85.315, "_x": -1, "_y": -1}, {"_time": 85.405, "_x": 0, "_y": -1}, {"_time": 85.495, "_x": 0, "_y": 0}, {"_time": 85.586, "_x": 0, "_y": 1}, {"_time": 85.676, "_x": 1, "_y": 1}, {"_time": 85.766, "_x": 1, "_y": 0}, {"_time": 85.856, "_x": 1, "_y": -1}, {"_time": 85.946, "_x": 0, "_y": -1}, {"_time": 86.036, "_x": -1, "_y": -1}, {"_time": 86.126, "_x": -1, "_y": 0}, {"_time": 86.216, "_x": 0, "_y": 0}, {"_time": 86.306, "_x": 1, "_y": 0}, {"_time": 86.396, "_x": 1, "_y": 1}, {"_time": 86.486, "_x": 0, "_y": 1}, {"_time": 86.577, "_x": -1, "_y": 1}, {"_time": 88.018, "_x": 0, "_y": -1}, {"_time": 88.198, "_x": 1, "_y": 1}, {"_time": 88.378, "_x": -1, "_y": -1}, {"_time": 88.559, "_x": 1, "_y": 0}, {"_time": 88.739, "_x": -1, "_y": 1}, {"_time": 88.784, "_x": -1, "_y": 0}, {"_time": 88.829, "_x": -1, "_y": -1}, {"_time": 88.874, "_x": -1, "_y": 0}, {"_time": 88.919, "_x": -1, "_y": 1}, {"_time": 88.964, "_x": -1, "_y": 0}, {"_time": 89.009, "_x": -1, "_y": -1}, {"_time": 89.054, "_x": -1, "_y": 0}, {"_time": 89.099, "_x": -1, "_y": 1}, {"_time": 89.144, "_x": -1, "_y": 0}, {"_time": 89.189, "_x": -1, "_y": -1}, {"_time": 89.234, "_x": -1, "_y": 0}, {"_time": 89.279, "_x": -1, "_y": 1}, {"_time": 89.324, "_x": -1, "_y": 0}, {"_time": 89.369, "_x": -1, "_y": -1}, {"_time": 89.414, "_x": -1, "_y": 0}, {"_time": 89.459, "_x": -1, "_y": 1}, {"_time": 89.64, "_x": 1, "_y": 0}, {"_time": 89.73, "_x": -1, "_y": 0}, {"_time": 89.91, "_x": 1, "_y": -1}, {"_time": 90, "_x": -1, "_y": 1}, {"_time": 90.18, "_x": 0, "_y": -1}, {"_time": 90.225, "_x": 0, "_y": -1}, {"_time": 90.45, "_x": 0, "_y": 1}, {"_time": 90.495, "_x": 0, "_y": 1}, {"_time": 90.721, "_x": -1, "_y": -1}, {"_time": 90.766, "_x": -1, "_y": -1}, {"_time": 90.901, "_x": 1, "_y": 1}, {"_time": 90.946, "_x": 1, "_y": 0}, {"_time": 90.991, "_x": 1, "_y": -1}, {"_time": 91.036, "_x": 0, "_y": -1}, {"_time": 91.081, "_x": 0, "_y": 0}, {"_time": 91.126, "_x": 0, "_y": 1}, {"_time": 91.171, "_x": -1, "_y": 1}, {"_time": 91.216, "_x": -1, "_y": 0}, {"_time": 91.261, "_x": -1, "_y": -1}, {"_time": 91.306, "_x": 0, "_y": -1}, {"_time": 91.351, "_x": 1, "_y": -1}, {"_time": 91.396, "_x": 1, "_y": 0}, {"_time": 91.441, "_x": 0, "_y": 0}, {"_time": 91.486, "_x": -1, "_y": 0}, {"_time": 91.532, "_x": -1, "_y": 1}, {"_time": 91.577, "_x": 0, "_y": 1}, {"_time": 91.622, "_x": 1, "_y": 1}, {"_time": 91.802, "_x": 0, "_y": -1}, {"_time": 91.982, "_x": -1, "_y": 1}, {"_time": 92.162, "_x": 1, "_y": -1}, {"_time": 92.207, "_x": 0, "_y": -1}, {"_time": 92.252, "_x": -1, "_y": -1}, {"_time": 92.297, "_x": -1, "_y": 0}, {"_time": 92.342, "_x": -1, "_y": 1}, {"_time": 92.432, "_x": 1, "_y": 0}, {"_time": 92.477, "_x": 0, "_y": 0}, {"_time": 92.523, "_x": -1, "_y": 0}, {"_time": 92.613, "_x": 1, "_y": 1}, {"_time": 92.658, "_x": 1, "_y": 0}, {"_time": 92.703, "_x": 1, "_y": -1}, {"_time": 92.793, "_x": -1, "_y": 0}, {"_time": 92.838, "_x": 0, "_y": 0}, {"_time": 92.883, "_x": 1, "_y": 0}, {"_time": 92.973, "_x": -1, "_y": -1}, {"_time": 93.018, "_x": -1, "_y": 0}, {"_time": 93.063, "_x": -1, "_y": 1}, {"_time": 93.153, "_x": 1, "_y": 0}, {"_time": 93.243, "_x": -1, "_y": -1}, {"_time": 93.288, "_x": 0, "_y": -1}, {"_time": 93.333, "_x": 1, "_y": -1}, {"_time": 93.423, "_x": 0, "_y": 1}, {"_time": 93.468, "_x": 0, "_y": 0}, {"_time": 93.514, "_x": 0, "_y": -1}, {"_time": 93.604, "_x": -1, "_y": 1}, {"_time": 93.649, "_x": 0, "_y": 1}, {"_time": 93.694, "_x": 1, "_y": 1}, {"_time": 93.784, "_x": 0, "_y": -1}, {"_time": 93.964, "_x": -1, "_y": 1}, {"_time": 94.144, "_x": 1, "_y": -1}, {"_time": 94.324, "_x": -1, "_y": 0}, {"_time": 94.505, "_x": 1, "_y": 1}, {"_time": 94.55, "_x": 1, "_y": 0}, {"_time": 94.595, "_x": 1, "_y": -1}, {"_time": 94.685, "_x": 0, "_y": 1}, {"_time": 94.775, "_x": 0, "_y": -1}, {"_time": 94.865, "_x": -1, "_y": 1}, {"_time": 94.91, "_x": -1, "_y": 0}, {"_time": 94.955, "_x": -1, "_y": -1}, {"_time": 95.045, "_x": 0, "_y": 1}, {"_time": 95.135, "_x": 0, "_y": -1}, {"_time": 95.225, "_x": 1, "_y": 1}, {"_time": 95.27, "_x": 1, "_y": 0}, {"_time": 95.315, "_x": 1, "_y": -1}, {"_time": 95.36, "_x": 0, "_y": -1}, {"_time": 95.405, "_x": 0, "_y": 0}, {"_time": 95.45, "_x": 0, "_y": 1}, {"_time": 95.495, "_x": -1, "_y": 1}, {"_time": 95.541, "_x": -1, "_y": 0}, {"_time": 95.586, "_x": -1, "_y": -1}, {"_time": 95.766, "_x": 1, "_y": 0}, {"_time": 95.811, "_x": 0, "_y": 0}, {"_time": 95.856, "_x": -1, "_y": 0}, {"_time": 95.946, "_x": 1, "_y": 1}, {"_time": 95.991, "_x": 1, "_y": 1}, {"_time": 96.216, "_x": 0, "_y": -1}, {"_time": 96.261, "_x": 0, "_y": -1}, {"_time": 96.486, "_x": -1, "_y": 1}, {"_time": 96.532, "_x": -1, "_y": 1}, {"_time": 96.667, "_x": 1, "_y": -1}, {"_time": 96.757, "_x": 1, "_y": 1}, {"_time": 96.847, "_x": 1, "_y": -1}, {"_time": 96.937, "_x": 1, "_y": 1}, {"_time": 97.027, "_x": 0, "_y": -1}, {"_time": 97.117, "_x": 0, "_y": 1}, {"_time": 97.207, "_x": 0, "_y": -1}, {"_time": 97.297, "_x": 0, "_y": 1}, {"_time": 97.387, "_x": -1, "_y": -1}, {"_time": 97.478, "_x": -1, "_y": 1}, {"_time": 97.568, "_x": -1, "_y": -1}, {"_time": 97.658, "_x": -1, "_y": 1}, {"_time": 97.748, "_x": 0, "_y": -1}, {"_time": 97.838, "_x": 0, "_y": 1}, {"_time": 97.928, "_x": 0, "_y": -1}, {"_time": 97.973, "_x": 0, "_y": 0}, {"_time": 98.018, "_x": 0, "_y": 1}, {"_time": 98.108, "_x": 1, "_y": -1}, {"_time": 98.288, "_x": 0, "_y": 1}, {"_time": 98.468, "_x": -1, "_y": -1}, {"_time": 98.649, "_x": 1, "_y": 0}, {"_time": 98.829, "_x": -1, "_y": 1}, {"_time": 99.009, "_x": 0, "_y": -1}, {"_time": 99.099, "_x": 0, "_y": 1}, {"_time": 99.189, "_x": 0, "_y": -1}, {"_time": 99.279, "_x": 1, "_y": 1}, {"_time": 99.369, "_x": -1, "_y": -1}, {"_time": 99.459, "_x": 1, "_y": 0}, {"_time": 99.82, "_x": -1, "_y": 1}, {"_time": 100, "_x": 1, "_y": -1}, {"_time": 100.09, "_x": 0, "_y": 1}, {"_time": 100.18, "_x": -1, "_y": -1}, {"_time": 100.36, "_x": 1, "_y": 0}, {"_time": 100.45, "_x": -1, "_y": 1}, {"_time": 100.541, "_x": 0, "_y": -1}, {"_time": 100.721, "_x": 1, "_y": 1}, {"_time": 100.811, "_x": -1, "_y": 1}, {"_time": 100.856, "_x": -1, "_y": 0}, {"_time": 100.901, "_x": -1, "_y": -1}, {"_time": 100.946, "_x": 0, "_y": -1}, {"_time": 100.991, "_x": 1, "_y": -1}, {"_time": 101.171, "_x": 0, "_y": 1}, {"_time": 101.351, "_x": -1, "_y": -1}, {"_time": 101.532, "_x": 1, "_y": 1}, {"_time": 101.622, "_x": 0, "_y": -1}, {"_time": 101.712, "_x": -1, "_y": 1}, {"_time": 101.892, "_x": -1, "_y": -1}, {"_time": 101.937, "_x": 0, "_y": -1}, {"_time": 101.982, "_x": 1, "_y": -1}, {"_time": 102.027, "_x": 1, "_y": 0}, {"_time": 102.072, "_x": 1, "_y": 1}, {"_time": 102.162, "_x": -1, "_y": 0}, {"_time": 102.252, "_x": 1, "_y": -1}, {"_time": 102.297, "_x": 1, "_y": 0}, {"_time": 102.342, "_x": 1, "_y": 1}, {"_time": 102.387, "_x": 0, "_y": 1}, {"_time": 102.432, "_x": -1, "_y": 1}, {"_time": 102.793, "_x": 0, "_y": -1}, {"_time": 102.973, "_x": 1, "_y": 1}, {"_time": 103.063, "_x": -1, "_y": -1}, {"_time": 103.153, "_x": 1, "_y": 0}, {"_time": 103.333, "_x": -1, "_y": 1}, {"_time": 103.423, "_x": 0, "_y": -1}, {"_time": 103.514, "_x": 1, "_y": 1}, {"_time": 103.694, "_x": -1, "_y": 1}, {"_time": 103.739, "_x": -1, "_y": 0}, {"_time": 103.784, "_x": -1, "_y": -1}, {"_time": 103.829, "_x": 0, "_y": -1}, {"_time": 103.874, "_x": 1, "_y": -1}, {"_time": 104.054, "_x": 0, "_y": 1}, {"_time": 104.234, "_x": -1, "_y": -1}, {"_time": 104.414, "_x": 1, "_y": 1}, {"_time": 104.505, "_x": 0, "_y": -1}, {"_time": 104.595, "_x": -1, "_y": 1}, {"_time": 104.64, "_x": -1, "_y": 0}, {"_time": 104.685, "_x": -1, "_y": -1}, {"_time": 104.73, "_x": 0, "_y": -1}, {"_time": 104.775, "_x": 1, "_y": -1}, {"_time": 104.865, "_x": 1, "_y": 1}, {"_time": 105.315, "_x": -1, "_y": 1}, {"_time": 105.495, "_x": 0, "_y": -1}, {"_time": 105.676, "_x": 1, "_y": 1}, {"_time": 105.856, "_x": -1, "_y": -1}, {"_time": 105.946, "_x": 0, "_y": 1}, {"_time": 106.036, "_x": 1, "_y": -1}, {"_time": 106.216, "_x": -1, "_y": 0}, {"_time": 106.306, "_x": 1, "_y": 0}, {"_time": 106.396, "_x": -1, "_y": 1}, {"_time": 106.577, "_x": 1, "_y": -1}, {"_time": 106.599, "_x": 1, "_y": -1}, {"_time": 106.622, "_x": 1, "_y": 0}, {"_time": 106.644, "_x": 1, "_y": 0}, {"_time": 106.667, "_x": 1, "_y": 1}, {"_time": 106.689, "_x": 1, "_y": 1}, {"_time": 106.712, "_x": 0, "_y": 1}, {"_time": 106.734, "_x": 0, "_y": 1}, {"_time": 106.757, "_x": -1, "_y": 1}, {"_time": 106.847, "_x": 0, "_y": -1}, {"_time": 106.937, "_x": 1, "_y": 1}, {"_time": 107.027, "_x": -1, "_y": 0}, {"_time": 107.117, "_x": 1, "_y": -1}, {"_time": 107.297, "_x": -1, "_y": 1}, {"_time": 107.387, "_x": 0, "_y": -1}, {"_time": 107.477, "_x": 1, "_y": 1}, {"_time": 107.568, "_x": -1, "_y": -1}, {"_time": 107.658, "_x": 1, "_y": 0}, {"_time": 107.748, "_x": -1, "_y": 1}, {"_time": 107.838, "_x": 0, "_y": -1}, {"_time": 107.928, "_x": 1, "_y": 1}, {"_time": 108.018, "_x": -1, "_y": 1}, {"_time": 108.041, "_x": -1, "_y": 1}, {"_time": 108.063, "_x": -1, "_y": 0}, {"_time": 108.086, "_x": -1, "_y": 0}, {"_time": 108.108, "_x": -1, "_y": -1}, {"_time": 108.131, "_x": -1, "_y": -1}, {"_time": 108.153, "_x": 0, "_y": -1}, {"_time": 108.176, "_x": 0, "_y": -1}, {"_time": 108.198, "_x": 1, "_y": -1}, {"_time": 108.288, "_x": 1, "_y": 1}, {"_time": 108.333, "_x": 0, "_y": 1}, {"_time": 108.378, "_x": -1, "_y": 1}, {"_time": 108.468, "_x": 0, "_y": -1}, {"_time": 108.514, "_x": 0, "_y": 0}, {"_time": 108.559, "_x": 0, "_y": 1}, {"_time": 108.649, "_x": -1, "_y": -1}, {"_time": 108.694, "_x": 0, "_y": -1}, {"_time": 108.739, "_x": 1, "_y": -1}, {"_time": 108.784, "_x": 1, "_y": 0}, {"_time": 108.829, "_x": 1, "_y": 1}, {"_time": 108.919, "_x": -1, "_y": 0}, {"_time": 108.964, "_x": 0, "_y": 0}, {"_time": 109.009, "_x": 1, "_y": 0}, {"_time": 109.099, "_x": -1, "_y": 1}, {"_time": 109.144, "_x": -1, "_y": 0}, {"_time": 109.189, "_x": -1, "_y": -1}, {"_time": 109.279, "_x": 1, "_y": 0}, {"_time": 109.324, "_x": 0, "_y": 0}, {"_time": 109.369, "_x": -1, "_y": 0}, {"_time": 109.459, "_x": 1, "_y": 1}, {"_time": 109.482, "_x": 1, "_y": 1}, {"_time": 109.505, "_x": 1, "_y": 0}, {"_time": 109.527, "_x": 1, "_y": 0}, {"_time": 109.55, "_x": 1, "_y": -1}, {"_time": 109.572, "_x": 1, "_y": -1}, {"_time": 109.595, "_x": 0, "_y": -1}, {"_time": 109.617, "_x": 0, "_y": -1}, {"_time": 109.64, "_x": -1, "_y": -1}, {"_time": 109.73, "_x": 0, "_y": 1}, {"_time": 109.82, "_x": 1, "_y": -1}, {"_time": 109.842, "_x": 1, "_y": -1}, {"_time": 109.865, "_x": 0, "_y": -1}, {"_time": 109.887, "_x": 0, "_y": -1}, {"_time": 109.91, "_x": -1, "_y": -1}, {"_time": 109.932, "_x": -1, "_y": -1}, {"_time": 109.955, "_x": -1, "_y": 0}, {"_time": 109.977, "_x": -1, "_y": 0}, {"_time": 110, "_x": -1, "_y": 1}, {"_time": 110.09, "_x": 1, "_y": 0}, {"_time": 110.18, "_x": -1, "_y": -1}, {"_time": 110.203, "_x": -1, "_y": -1}, {"_time": 110.225, "_x": -1, "_y": 0}, {"_time": 110.248, "_x": -1, "_y": 0}, {"_time": 110.27, "_x": -1, "_y": 1}, {"_time": 110.293, "_x": -1, "_y": 1}, {"_time": 110.315, "_x": 0, "_y": 1}, {"_time": 110.338, "_x": 0, "_y": 1}, {"_time": 110.36, "_x": 1, "_y": 1}, {"_time": 110.45, "_x": 1, "_y": -1}, {"_time": 110.541, "_x": 0, "_y": -1}, {"_time": 110.631, "_x": -1, "_y": -1}, {"_time": 111.081, "_x": -1, "_y": 1}, {"_time": 122.523, "_x": 1, "_y": 1}, {"_time": 134.144, "_x": -1, "_y": -1}, {"_time": 134.324, "_x": 0, "_y": -1}, {"_time": 134.504, "_x": 1, "_y": 0}, {"_time": 134.685, "_x": 1, "_y": 1}, {"_time": 134.865, "_x": 0, "_y": 1}, {"_time": 135.045, "_x": -1, "_y": 0}, {"_time": 135.225, "_x": 0, "_y": 0}, {"_time": 135.405, "_x": 1, "_y": -1}, {"_time": 135.585, "_x": 0, "_y": -1}, {"_time": 135.766, "_x": -1, "_y": 0}, {"_time": 135.946, "_x": -1, "_y": 1}, {"_time": 136.126, "_x": 0, "_y": 1}, {"_time": 136.306, "_x": 1, "_y": 0}, {"_time": 136.486, "_x": 0, "_y": 0}, {"_time": 136.667, "_x": -1, "_y": -1}, {"_time": 136.847, "_x": 0, "_y": -1}, {"_time": 137.027, "_x": 1, "_y": 0}, {"_time": 137.207, "_x": 0, "_y": 0}, {"_time": 137.387, "_x": -1, "_y": 1}, {"_time": 137.567, "_x": 0, "_y": 1}, {"_time": 137.748, "_x": 1, "_y": 0}, {"_time": 137.928, "_x": 1, "_y": -1}, {"_time": 138.108, "_x": 0, "_y": -1}, {"_time": 138.288, "_x": -1, "_y": 0}, {"_time": 138.468, "_x": 0, "_y": 0}, {"_time": 138.649, "_x": 1, "_y": 1}, {"_time": 138.829, "_x": 0, "_y": 1}, {"_time": 139.009, "_x": -1, "_y": 0}, {"_time": 139.189, "_x": -1, "_y": -1}, {"_time": 139.369, "_x": 0, "_y": -1}, {"_time": 139.549, "_x": 1, "_y": 0}, {"_time": 139.73, "_x": 0, "_y": 0}, {"_time": 139.91, "_x": -1, "_y": 1}, {"_time": 140.09, "_x": 0, "_y": 1}, {"_time": 140.27, "_x": 1, "_y": 1}, {"_time": 140.45, "_x": 1, "_y": 0}, {"_time": 140.63, "_x": 0, "_y": 0}, {"_time": 140.811, "_x": -1, "_y": 0}, {"_time": 140.991, "_x": -1, "_y": -1}, {"_time": 141.171, "_x": 0, "_y": -1}, {"_time": 141.351, "_x": 1, "_y": -1}, {"_time": 141.531, "_x": 1, "_y": 0}, {"_time": 141.712, "_x": 1, "_y": 1}, {"_time": 141.892, "_x": 0, "_y": 1}, {"_time": 142.072, "_x": 0, "_y": 0}, {"_time": 142.252, "_x": 0, "_y": -1}, {"_time": 142.432, "_x": -1, "_y": -1}, {"_time": 142.612, "_x": -1, "_y": 0}, {"_time": 142.793, "_x": -1, "_y": 1}, {"_time": 142.973, "_x": 0, "_y": 1}, {"_time": 143.153, "_x": 1, "_y": 1}, {"_time": 143.333, "_x": 1, "_y": 0}, {"_time": 143.513, "_x": 0, "_y": 0}, {"_time": 143.694, "_x": -1, "_y": 0}, {"_time": 143.874, "_x": -1, "_y": -1}, {"_time": 144.054, "_x": 0, "_y": -1}, {"_time": 144.234, "_x": 1, "_y": -1}, {"_time": 144.414, "_x": 1, "_y": 0}, {"_time": 144.594, "_x": 1, "_y": 1}, {"_time": 144.775, "_x": 0, "_y": 1}, {"_time": 144.955, "_x": 0, "_y": 0}, {"_time": 145.135, "_x": 0, "_y": -1}, {"_time": 145.315, "_x": -1, "_y": -1}, {"_time": 145.495, "_x": -1, "_y": 0}, {"_time": 145.676, "_x": -1, "_y": 1}, {"_time": 145.856, "_x": 1, "_y": 0}, {"_time": 146.036, "_x": -1, "_y": -1}, {"_time": 146.216, "_x": 0, "_y": 1}, {"_time": 146.396, "_x": 1, "_y": -1}, {"_time": 146.576, "_x": -1, "_y": 0}, {"_time": 146.757, "_x": 1, "_y": 1}, {"_time": 146.937, "_x": 0, "_y": -1}, {"_time": 147.117, "_x": -1, "_y": 1}, {"_time": 147.297, "_x": 1, "_y": -1}, {"_time": 147.477, "_x": 0, "_y": 1}, {"_time": 147.658, "_x": 0, "_y": -1}, {"_time": 147.838, "_x": 1, "_y": 1}, {"_time": 148.018, "_x": -1, "_y": -1}, {"_time": 148.198, "_x": 1, "_y": 0}, {"_time": 148.378, "_x": -1, "_y": 0}, {"_time": 148.558, "_x": 1, "_y": -1}, {"_time": 148.739, "_x": 1, "_y": 1}, {"_time": 148.919, "_x": 0, "_y": -1}, {"_time": 149.099, "_x": 0, "_y": 1}, {"_time": 149.279, "_x": -1, "_y": -1}, {"_time": 149.459, "_x": -1, "_y": 1}, {"_time": 149.639, "_x": 0, "_y": -1}, {"_time": 149.82, "_x": 0, "_y": 1}, {"_time": 150, "_x": 1, "_y": -1}, {"_time": 150.18, "_x": -1, "_y": -1}, {"_time": 150.36, "_x": 1, "_y": 0}, {"_time": 150.54, "_x": -1, "_y": 0}, {"_time": 150.721, "_x": 1, "_y": 1}, {"_time": 150.901, "_x": -1, "_y": 1}, {"_time": 151.081, "_x": 1, "_y": 0}, {"_time": 151.261, "_x": -1, "_y": 0}, {"_time": 151.441, "_x": 1, "_y": 1}, {"_time": 151.802, "_x": 0, "_y": -1}, {"_time": 152.162, "_x": -1, "_y": 1}, {"_time": 152.522, "_x": 1, "_y": 0}, {"_time": 152.883, "_x": -1, "_y": -1}, {"_time": 153.063, "_x": -1, "_y": 0}, {"_time": 153.243, "_x": -1, "_y": 1}, {"_time": 153.423, "_x": 1, "_y": 0}, {"_time": 153.603, "_x": -1, "_y": -1}, {"_time": 153.964, "_x": 1, "_y": 1}, {"_time": 154.685, "_x": 0, "_y": -1}, {"_time": 155.045, "_x": 0, "_y": 1}, {"_time": 155.405, "_x": -1, "_y": -1}, {"_time": 155.766, "_x": 1, "_y": 1}, {"_time": 155.946, "_x": 1, "_y": 0}, {"_time": 156.126, "_x": 1, "_y": -1}, {"_time": 156.306, "_x": 0, "_y": 1}, {"_time": 156.486, "_x": -1, "_y": -1}, {"_time": 156.531, "_x": -1, "_y": -1}, {"_time": 156.576, "_x": -1, "_y": -1}, {"_time": 156.621, "_x": -1, "_y": -1}, {"_time": 156.667, "_x": -1, "_y": -1}, {"_time": 156.712, "_x": -1, "_y": -1}, {"_time": 156.757, "_x": -1, "_y": -1}, {"_time": 156.847, "_x": 1, "_y": 0}, {"_time": 156.892, "_x": 1, "_y": 0}, {"_time": 156.937, "_x": 1, "_y": 0}, {"_time": 157.207, "_x": -1, "_y": 1}, {"_time": 157.387, "_x": 0, "_y": -1}, {"_time": 157.567, "_x": 1, "_y": 1}, {"_time": 157.748, "_x": -1, "_y": -1}, {"_time": 157.928, "_x": 1, "_y": 1}, {"_time": 158.018, "_x": 1, "_y": 0}, {"_time": 158.108, "_x": 1, "_y": -1}, {"_time": 158.288, "_x": -1, "_y": 0}, {"_time": 158.468, "_x": 1, "_y": 0}, {"_time": 158.829, "_x": -1, "_y": 1}, {"_time": 159.009, "_x": 0, "_y": -1}, {"_time": 159.189, "_x": 1, "_y": 1}, {"_time": 159.369, "_x": -1, "_y": -1}, {"_time": 159.459, "_x": -1, "_y": 0}, {"_time": 159.549, "_x": -1, "_y": 1}, {"_time": 159.73, "_x": 1, "_y": 0}, {"_time": 159.91, "_x": -1, "_y": 0}, {"_time": 160.09, "_x": 1, "_y": -1}, {"_time": 160.27, "_x": 0, "_y": 1}, {"_time": 160.45, "_x": -1, "_y": -1}, {"_time": 160.63, "_x": 1, "_y": 0}, {"_time": 160.811, "_x": -1, "_y": 1}, {"_time": 160.901, "_x": 0, "_y": 1}, {"_time": 160.991, "_x": 1, "_y": 1}, {"_time": 161.171, "_x": 0, "_y": -1}, {"_time": 161.351, "_x": 0, "_y": 1}, {"_time": 161.712, "_x": -1, "_y": -1}, {"_time": 161.892, "_x": 1, "_y": 0}, {"_time": 162.072, "_x": -1, "_y": 1}, {"_time": 162.252, "_x": 1, "_y": -1}, {"_time": 162.342, "_x": 0, "_y": -1}, {"_time": 162.432, "_x": -1, "_y": -1}, {"_time": 162.612, "_x": 0, "_y": 1}, {"_time": 162.793, "_x": 0, "_y": -1}, {"_time": 162.973, "_x": -1, "_y": 1}, {"_time": 163.153, "_x": -1, "_y": -1}, {"_time": 163.333, "_x": 0, "_y": 1}, {"_time": 163.513, "_x": 0, "_y": -1}, {"_time": 163.694, "_x": 1, "_y": 1}, {"_time": 163.874, "_x": 1, "_y": -1}, {"_time": 164.054, "_x": 0, "_y": 1}, {"_time": 164.234, "_x": 0, "_y": -1}, {"_time": 164.414, "_x": -1, "_y": 1}, {"_time": 164.594, "_x": 1, "_y": 1}, {"_time": 164.775, "_x": -1, "_y": 0}, {"_time": 164.955, "_x": 1, "_y": 0}, {"_time": 165.135, "_x": -1, "_y": -1}, {"_time": 165.315, "_x": 1, "_y": -1}, {"_time": 165.495, "_x": -1, "_y": 0}, {"_time": 165.676, "_x": 1, "_y": 0}, {"_time": 165.856, "_x": -1, "_y": -1}, {"_time": 166.036, "_x": -1, "_y": 1}, {"_time": 166.216, "_x": 0, "_y": -1}, {"_time": 166.396, "_x": 0, "_y": 1}, {"_time": 166.576, "_x": 1, "_y": -1}, {"_time": 166.757, "_x": 1, "_y": 1}, {"_time": 166.937, "_x": 0, "_y": -1}, {"_time": 167.117, "_x": 0, "_y": 1}, {"_time": 167.297, "_x": -1, "_y": -1}, {"_time": 167.477, "_x": 1, "_y": -1}, {"_time": 167.658, "_x": -1, "_y": 0}, {"_time": 167.838, "_x": 1, "_y": 0}, {"_time": 168.018, "_x": -1, "_y": 1}, {"_time": 168.198, "_x": 1, "_y": 1}, {"_time": 168.378, "_x": -1, "_y": 0}, {"_time": 168.558, "_x": 1, "_y": 0}, {"_time": 168.739, "_x": -1, "_y": -1}, {"_time": 168.919, "_x": 1, "_y": 1}, {"_time": 169.099, "_x": 0, "_y": -1}, {"_time": 169.279, "_x": 0, "_y": 1}, {"_time": 169.459, "_x": 1, "_y": -1}, {"_time": 169.639, "_x": -1, "_y": 1}, {"_time": 169.82, "_x": 0, "_y": -1}, {"_time": 170, "_x": 0, "_y": 1}, {"_time": 170.18, "_x": -1, "_y": -1}, {"_time": 170.36, "_x": 1, "_y": 0}, {"_time": 170.54, "_x": -1, "_y": 0}, {"_time": 170.721, "_x": 1, "_y": -1}, {"_time": 170.901, "_x": -1, "_y": 1}, {"_time": 171.081, "_x": 1, "_y": 0}, {"_time": 171.261, "_x": -1, "_y": 0}, {"_time": 171.441, "_x": 1, "_y": 1}, {"_time": 171.621, "_x": -1, "_y": -1}, {"_time": 171.802, "_x": 0, "_y": 1}, {"_time": 171.982, "_x": 0, "_y": -1}, {"_time": 172.162, "_x": -1, "_y": 1}, {"_time": 172.342, "_x": 1, "_y": -1}, {"_time": 172.522, "_x": 0, "_y": 1}, {"_time": 172.703, "_x": 0, "_y": -1}, {"_time": 172.883, "_x": 1, "_y": 1}, {"_time": 173.063, "_x": -1, "_y": -1}, {"_time": 173.243, "_x": 1, "_y": 0}, {"_time": 173.423, "_x": -1, "_y": 1}, {"_time": 173.603, "_x": 0, "_y": -1}, {"_time": 173.784, "_x": 1, "_y": 1}, {"_time": 173.964, "_x": -1, "_y": 0}, {"_time": 174.144, "_x": 1, "_y": -1}, {"_time": 174.324, "_x": 0, "_y": 1}, {"_time": 174.504, "_x": -1, "_y": -1}, {"_time": 174.594, "_x": 0, "_y": -1}, {"_time": 174.685, "_x": 1, "_y": -1}, {"_time": 174.775, "_x": 1, "_y": 0}, {"_time": 174.865, "_x": 0, "_y": 0}, {"_time": 174.955, "_x": -1, "_y": 0}, {"_time": 175.045, "_x": -1, "_y": 1}, {"_time": 175.135, "_x": 0, "_y": 1}, {"_time": 175.225, "_x": 1, "_y": 1}, {"_time": 175.315, "_x": 1, "_y": 0}, {"_time": 175.405, "_x": 1, "_y": -1}, {"_time": 175.495, "_x": 0, "_y": -1}, {"_time": 175.585, "_x": 0, "_y": 0}, {"_time": 175.676, "_x": 0, "_y": 1}, {"_time": 175.766, "_x": -1, "_y": 1}, {"_time": 175.856, "_x": -1, "_y": 0}, {"_time": 175.946, "_x": -1, "_y": -1}, {"_time": 176.036, "_x": 0, "_y": -1}, {"_time": 176.126, "_x": 1, "_y": -1}, {"_time": 176.216, "_x": 1, "_y": 0}, {"_time": 176.306, "_x": 0, "_y": 0}, {"_time": 176.396, "_x": -1, "_y": 0}, {"_time": 176.486, "_x": -1, "_y": 1}, {"_time": 176.576, "_x": 0, "_y": 1}, {"_time": 176.667, "_x": 1, "_y": 1}, {"_time": 176.757, "_x": 1, "_y": 0}, {"_time": 176.847, "_x": 1, "_y": -1}, {"_time": 176.937, "_x": 0, "_y": -1}, {"_time": 177.027, "_x": 0, "_y": 0}, {"_time": 177.117, "_x": 0, "_y": 1}, {"_time": 177.207, "_x": -1, "_y": 1}, {"_time": 177.297, "_x": -1, "_y": 0}, {"_time": 177.387, "_x": -1, "_y": -1}, {"_time": 177.477, "_x": 1, "_y": 0}, {"_time": 177.567, "_x": -1, "_y": 1}, {"_time": 177.658, "_x": 0, "_y": -1}, {"_time": 177.748, "_x": 1, "_y": 1}, {"_time": 177.838, "_x": -1, "_y": 0}, {"_time": 177.928, "_x": 1, "_y": -1}, {"_time": 178.018, "_x": 0, "_y": 1}, {"_time": 178.108, "_x": -1, "_y": -1}, {"_time": 178.198, "_x": 1, "_y": 0}, {"_time": 178.288, "_x": -1, "_y": 1}, {"_time": 178.378, "_x": 0, "_y": -1}, {"_time": 178.468, "_x": 1, "_y": 1}, {"_time": 178.558, "_x": -1, "_y": 0}, {"_time": 178.649, "_x": 1, "_y": -1}, {"_time": 178.739, "_x": 0, "_y": 1}, {"_time": 180.27, "_x": -1, "_y": -1}, {"_time": 180.45, "_x": 1, "_y": 0}, {"_time": 180.63, "_x": -1, "_y": 1}, {"_time": 180.811, "_x": 0, "_y": -1}, {"_time": 180.991, "_x": 1, "_y": 1}, {"_time": 181.171, "_x": -1, "_y": -1}, {"_time": 181.351, "_x": 0, "_y": 1}, {"_time": 181.531, "_x": 1, "_y": -1}, {"_time": 181.621, "_x": -1, "_y": 1}, {"_time": 181.712, "_x": 0, "_y": -1}, {"_time": 181.892, "_x": 1, "_y": 1}, {"_time": 182.072, "_x": -1, "_y": -1}, {"_time": 182.252, "_x": 1, "_y": 0}, {"_time": 182.432, "_x": -1, "_y": 1}, {"_time": 182.612, "_x": 0, "_y": -1}, {"_time": 182.793, "_x": 1, "_y": 1}, {"_time": 182.883, "_x": -1, "_y": -1}, {"_time": 182.973, "_x": 0, "_y": 1}, {"_time": 183.153, "_x": 1, "_y": -1}, {"_time": 183.333, "_x": -1, "_y": 1}, {"_time": 183.513, "_x": 0, "_y": -1}, {"_time": 183.694, "_x": 1, "_y": 1}, {"_time": 183.874, "_x": -1, "_y": -1}, {"_time": 184.054, "_x": 1, "_y": 0}, {"_time": 184.234, "_x": -1, "_y": 1}, {"_time": 184.414, "_x": 0, "_y": -1}, {"_time": 184.504, "_x": 1, "_y": 1}, {"_time": 184.594, "_x": -1, "_y": -1}, {"_time": 184.775, "_x": 1, "_y": 0}, {"_time": 184.955, "_x": -1, "_y": 1}, {"_time": 185.135, "_x": 0, "_y": -1}, {"_time": 185.315, "_x": 1, "_y": 1}, {"_time": 185.405, "_x": -1, "_y": -1}, {"_time": 185.495, "_x": 1, "_y": 1}, {"_time": 185.54, "_x": 1, "_y": 0}, {"_time": 185.585, "_x": 1, "_y": -1}, {"_time": 185.63, "_x": 0, "_y": -1}, {"_time": 185.676, "_x": -1, "_y": -1}, {"_time": 185.856, "_x": -1, "_y": 1}, {"_time": 186.036, "_x": 1, "_y": 0}, {"_time": 186.216, "_x": -1, "_y": -1}, {"_time": 186.396, "_x": 0, "_y": 1}, {"_time": 186.576, "_x": 1, "_y": -1}, {"_time": 186.757, "_x": -1, "_y": 0}, {"_time": 186.937, "_x": 1, "_y": 0}, {"_time": 187.117, "_x": -1, "_y": 1}, {"_time": 187.297, "_x": 1, "_y": -1}, {"_time": 187.387, "_x": 0, "_y": 1}, {"_time": 187.477, "_x": -1, "_y": -1}, {"_time": 187.658, "_x": 1, "_y": 0}, {"_time": 187.838, "_x": -1, "_y": 1}, {"_time": 188.018, "_x": 0, "_y": -1}, {"_time": 188.198, "_x": 1, "_y": 1}, {"_time": 188.378, "_x": -1, "_y": -1}, {"_time": 188.558, "_x": 1, "_y": 0}, {"_time": 188.739, "_x": -1, "_y": 1}, {"_time": 188.919, "_x": 1, "_y": -1}, {"_time": 189.099, "_x": 0, "_y": 1}, {"_time": 189.279, "_x": -1, "_y": -1}, {"_time": 189.459, "_x": 1, "_y": 1}, {"_time": 189.639, "_x": 0, "_y": -1}, {"_time": 189.82, "_x": -1, "_y": 1}, {"_time": 190, "_x": 1, "_y": -1}, {"_time": 190.18, "_x": 0, "_y": 1}, {"_time": 190.27, "_x": 0, "_y": -1}, {"_time": 190.36, "_x": -1, "_y": 1}, {"_time": 190.54, "_x": 1, "_y": -1}, {"_time": 190.721, "_x": 0, "_y": 1}, {"_time": 190.901, "_x": -1, "_y": -1}, {"_time": 190.991, "_x": 1, "_y": 0}, {"_time": 191.081, "_x": -1, "_y": 1}, {"_time": 191.126, "_x": -1, "_y": 0}, {"_time": 191.171, "_x": -1, "_y": -1}, {"_time": 191.216, "_x": 0, "_y": -1}, {"_time": 191.261, "_x": 1, "_y": -1}, {"_time": 191.284, "_x": 1, "_y": -1}, {"_time": 191.306, "_x": 1, "_y": 0}, {"_time": 191.329, "_x": 1, "_y": 0}, {"_time": 191.351, "_x": 1, "_y": 1}, {"_time": 191.374, "_x": 1, "_y": 1}, {"_time": 191.396, "_x": 0, "_y": 1}, {"_time": 191.419, "_x": 0, "_y": 1}, {"_time": 191.441, "_x": -1, "_y": 1}, {"_time": 191.802, "_x": 1, "_y": -1}, {"_time": 191.982, "_x": 0, "_y": 1}, {"_time": 192.162, "_x": -1, "_y": -1}, {"_time": 192.342, "_x": 1, "_y": 0}, {"_time": 192.522, "_x": -1, "_y": 1}, {"_time": 192.703, "_x": 0, "_y": -1}, {"_time": 192.883, "_x": 1, "_y": 1}, {"_time": 193.063, "_x": -1, "_y": -1}, {"_time": 193.153, "_x": 0, "_y": 1}, {"_time": 193.243, "_x": 1, "_y": -1}, {"_time": 193.423, "_x": -1, "_y": 0}, {"_time": 193.603, "_x": 1, "_y": 1}, {"_time": 193.784, "_x": 0, "_y": -1}, {"_time": 193.964, "_x": 0, "_y": 1}, {"_time": 194.144, "_x": 1, "_y": -1}, {"_time": 194.324, "_x": -1, "_y": 1}, {"_time": 194.414, "_x": 1, "_y": 0}, {"_time": 194.504, "_x": -1, "_y": -1}, {"_time": 194.685, "_x": 0, "_y": 1}, {"_time": 194.865, "_x": 1, "_y": -1}, {"_time": 195.045, "_x": -1, "_y": 1}, {"_time": 195.225, "_x": 0, "_y": -1}, {"_time": 195.405, "_x": 1, "_y": 1}, {"_time": 195.585, "_x": -1, "_y": 0}, {"_time": 195.766, "_x": 1, "_y": -1}, {"_time": 195.946, "_x": 0, "_y": 1}, {"_time": 196.036, "_x": 0, "_y": -1}, {"_time": 196.126, "_x": -1, "_y": 1}, {"_time": 196.306, "_x": 1, "_y": -1}, {"_time": 196.486, "_x": 0, "_y": 1}, {"_time": 196.667, "_x": -1, "_y": -1}, {"_time": 196.847, "_x": 1, "_y": 0}, {"_time": 196.937, "_x": -1, "_y": 0}, {"_time": 197.027, "_x": 1, "_y": 1}, {"_time": 197.072, "_x": 1, "_y": 0}, {"_time": 197.117, "_x": 1, "_y": -1}, {"_time": 197.162, "_x": 0, "_y": -1}, {"_time": 197.207, "_x": -1, "_y": -1}, {"_time": 197.567, "_x": -1, "_y": 1}, {"_time": 197.748, "_x": 1, "_y": -1}, {"_time": 197.928, "_x": 0, "_y": 1}, {"_time": 198.108, "_x": 0, "_y": -1}, {"_time": 198.288, "_x": 1, "_y": 1}, {"_time": 198.468, "_x": -1, "_y": -1}, {"_time": 198.649, "_x": 1, "_y": 0}, {"_time": 198.829, "_x": -1, "_y": 0}, {"_time": 198.919, "_x": 1, "_y": -1}, {"_time": 199.009, "_x": 0, "_y": 1}, {"_time": 199.189, "_x": -1, "_y": -1}, {"_time": 199.369, "_x": 1, "_y": 0}, {"_time": 199.549, "_x": -1, "_y": 1}, {"_time": 199.73, "_x": 0, "_y": -1}, {"_time": 199.91, "_x": 1, "_y": 1}, {"_time": 200.09, "_x": -1, "_y": -1}, {"_time": 200.18, "_x": 0, "_y": 1}, {"_time": 200.27, "_x": 1, "_y": -1}, {"_time": 200.45, "_x": -1, "_y": 0}, {"_time": 200.63, "_x": 1, "_y": 0}, {"_time": 200.811, "_x": -1, "_y": 1}, {"_time": 200.991, "_x": 0, "_y": -1}, {"_time": 201.171, "_x": 1, "_y": 1}, {"_time": 201.351, "_x": -1, "_y": -1}, {"_time": 201.531, "_x": 1, "_y": 0}, {"_time": 201.712, "_x": -1, "_y": 0}, {"_time": 201.802, "_x": 1, "_y": 1}, {"_time": 201.892, "_x": 0, "_y": -1}, {"_time": 202.072, "_x": -1, "_y": 1}, {"_time": 202.252, "_x": 1, "_y": -1}, {"_time": 202.432, "_x": 0, "_y": 1}, {"_time": 202.612, "_x": -1, "_y": -1}, {"_time": 202.635, "_x": -1, "_y": -1}, {"_time": 202.658, "_x": 0, "_y": -1}, {"_time": 202.68, "_x": 0, "_y": -1}, {"_time": 202.703, "_x": 1, "_y": -1}, {"_time": 202.725, "_x": 1, "_y": -1}, {"_time": 202.748, "_x": 1, "_y": 0}, {"_time": 202.77, "_x": 1, "_y": 0}, {"_time": 202.793, "_x": 0, "_y": 0}, {"_time": 202.815, "_x": 0, "_y": 0}, {"_time": 202.838, "_x": -1, "_y": 0}, {"_time": 202.86, "_x": -1, "_y": 0}, {"_time": 202.883, "_x": -1, "_y": 1}, {"_time": 202.905, "_x": -1, "_y": 1}, {"_time": 202.928, "_x": 0, "_y": 1}, {"_time": 202.95, "_x": 0, "_y": 1}, {"_time": 202.973, "_x": 1, "_y": 1}, {"_time": 203.333, "_x": 1, "_y": -1}, {"_time": 203.423, "_x": 1, "_y": -1}, {"_time": 203.513, "_x": -1, "_y": -1}, {"_time": 203.603, "_x": -1, "_y": -1}, {"_time": 203.694, "_x": 1, "_y": -1}, {"_time": 203.784, "_x": 1, "_y": -1}, {"_time": 203.874, "_x": -1, "_y": 0}, {"_time": 203.964, "_x": -1, "_y": 0}, {"_time": 204.054, "_x": 1, "_y": -1}, {"_time": 204.144, "_x": 1, "_y": -1}, {"_time": 204.234, "_x": -1, "_y": 1}, {"_time": 204.324, "_x": -1, "_y": 1}, {"_time": 204.414, "_x": 1, "_y": -1}, {"_time": 204.504, "_x": 1, "_y": -1}, {"_time": 204.594, "_x": 0, "_y": 1}, {"_time": 204.685, "_x": 0, "_y": 1}, {"_time": 204.775, "_x": 1, "_y": -1}, {"_time": 204.865, "_x": 1, "_y": -1}, {"_time": 204.955, "_x": 1, "_y": 1}, {"_time": 205.045, "_x": 1, "_y": 1}, {"_time": 205.135, "_x": 0, "_y": -1}, {"_time": 205.225, "_x": 0, "_y": -1}, {"_time": 205.315, "_x": 1, "_y": 1}, {"_time": 205.405, "_x": 1, "_y": 1}, {"_time": 205.495, "_x": -1, "_y": -1}, {"_time": 205.585, "_x": -1, "_y": -1}, {"_time": 205.676, "_x": 1, "_y": 1}, {"_time": 205.766, "_x": 0, "_y": -1}, {"_time": 205.856, "_x": -1, "_y": 1}, {"_time": 206.036, "_x": 1, "_y": 0}, {"_time": 206.216, "_x": -1, "_y": 0}, {"_time": 206.396, "_x": 1, "_y": 1}, {"_time": 206.486, "_x": 1, "_y": 1}, {"_time": 206.576, "_x": 1, "_y": -1}, {"_time": 206.667, "_x": 1, "_y": -1}, {"_time": 206.757, "_x": 1, "_y": 1}, {"_time": 206.847, "_x": 1, "_y": 1}, {"_time": 206.937, "_x": 0, "_y": -1}, {"_time": 207.027, "_x": 0, "_y": -1}, {"_time": 207.117, "_x": 1, "_y": 1}, {"_time": 207.207, "_x": 1, "_y": 1}, {"_time": 207.297, "_x": -1, "_y": -1}, {"_time": 207.387, "_x": -1, "_y": -1}, {"_time": 207.477, "_x": 1, "_y": 1}, {"_time": 207.567, "_x": 1, "_y": 1}, {"_time": 207.658, "_x": -1, "_y": 0}, {"_time": 207.838, "_x": 1, "_y": 0}, {"_time": 207.928, "_x": -1, "_y": -1}, {"_time": 208.198, "_x": 0, "_y": 1}, {"_time": 208.378, "_x": 1, "_y": -1}, {"_time": 208.558, "_x": -1, "_y": 1}, {"_time": 208.739, "_x": 0, "_y": -1}, {"_time": 209.099, "_x": 1, "_y": 1}, {"_time": 209.279, "_x": 1, "_y": 0}, {"_time": 209.459, "_x": 1, "_y": -1}, {"_time": 209.82, "_x": -1, "_y": 0}, {"_time": 210, "_x": 1, "_y": 0}, {"_time": 210.18, "_x": -1, "_y": 1}, {"_time": 210.54, "_x": 1, "_y": -1}, {"_time": 210.721, "_x": 0, "_y": -1}, {"_time": 211.081, "_x": -1, "_y": 0}, {"_time": 211.621, "_x": 1, "_y": 0}, {"_time": 211.982, "_x": -1, "_y": 1}, {"_time": 212.522, "_x": 0, "_y": -1}, {"_time": 213.063, "_x": 1, "_y": 1}, {"_time": 213.423, "_x": -1, "_y": -1}, {"_time": 213.603, "_x": 1, "_y": 0}, {"_time": 213.874, "_x": -1, "_y": 1}, {"_time": 214.504, "_x": 1, "_y": -1}, {"_time": 214.865, "_x": 1, "_y": 1}, {"_time": 214.955, "_x": -1, "_y": 1}, {"_time": 215.045, "_x": 1, "_y": 1}, {"_time": 215.135, "_x": -1, "_y": 1}, {"_time": 215.225, "_x": 1, "_y": 0}, {"_time": 215.315, "_x": -1, "_y": 0}, {"_time": 215.405, "_x": 1, "_y": 0}, {"_time": 215.495, "_x": -1, "_y": 0}, {"_time": 215.585, "_x": 1, "_y": -1}, {"_time": 215.676, "_x": -1, "_y": -1}, {"_time": 215.766, "_x": 1, "_y": -1}, {"_time": 215.856, "_x": -1, "_y": -1}, {"_time": 215.946, "_x": 1, "_y": 0}, {"_time": 216.036, "_x": -1, "_y": 0}, {"_time": 216.126, "_x": 1, "_y": 0}, {"_time": 216.171, "_x": 0, "_y": 0}, {"_time": 216.216, "_x": -1, "_y": 0}, {"_time": 216.306, "_x": 1, "_y": 1}, {"_time": 216.396, "_x": -1, "_y": -1}, {"_time": 216.486, "_x": 1, "_y": 1}, {"_time": 216.576, "_x": -1, "_y": -1}, {"_time": 216.667, "_x": 0, "_y": 1}, {"_time": 216.757, "_x": 0, "_y": -1}, {"_time": 216.847, "_x": 0, "_y": 1}, {"_time": 216.937, "_x": 0, "_y": -1}, {"_time": 217.027, "_x": -1, "_y": 1}, {"_time": 217.072, "_x": 0, "_y": 0}, {"_time": 217.117, "_x": 1, "_y": -1}, {"_time": 217.207, "_x": -1, "_y": 1}, {"_time": 217.297, "_x": 1, "_y": -1}, {"_time": 217.387, "_x": -1, "_y": 0}, {"_time": 217.432, "_x": 0, "_y": 0}, {"_time": 217.477, "_x": 1, "_y": 0}, {"_time": 217.567, "_x": -1, "_y": 0}, {"_time": 217.748, "_x": 1, "_y": 1}, {"_time": 217.838, "_x": 1, "_y": -1}, {"_time": 217.928, "_x": 1, "_y": 1}, {"_time": 218.018, "_x": 1, "_y": -1}, {"_time": 218.108, "_x": 0, "_y": 1}, {"_time": 218.198, "_x": 0, "_y": -1}, {"_time": 218.288, "_x": 0, "_y": 1}, {"_time": 218.378, "_x": 0, "_y": -1}, {"_time": 218.468, "_x": -1, "_y": 1}, {"_time": 218.558, "_x": -1, "_y": -1}, {"_time": 218.649, "_x": -1, "_y": 1}, {"_time": 218.739, "_x": -1, "_y": -1}, {"_time": 218.829, "_x": 0, "_y": 1}, {"_time": 218.919, "_x": 0, "_y": -1}, {"_time": 219.009, "_x": 0, "_y": 1}, {"_time": 219.054, "_x": 0, "_y": 0}, {"_time": 219.099, "_x": 0, "_y": -1}, {"_time": 219.189, "_x": 1, "_y": 1}, {"_time": 219.279, "_x": -1, "_y": -1}, {"_time": 219.369, "_x": 1, "_y": 1}, {"_time": 219.459, "_x": -1, "_y": -1}, {"_time": 219.549, "_x": 1, "_y": 0}, {"_time": 219.639, "_x": -1, "_y": 0}, {"_time": 219.73, "_x": 1, "_y": 0}, {"_time": 219.82, "_x": -1, "_y": 0}, {"_time": 219.91, "_x": 1, "_y": -1}, {"_time": 219.955, "_x": 1, "_y": 0}, {"_time": 220, "_x": 1, "_y": 1}, {"_time": 220.022, "_x": 1, "_y": 1}, {"_time": 220.045, "_x": 0, "_y": 1}, {"_time": 220.067, "_x": 0, "_y": 1}, {"_time": 220.09, "_x": -1, "_y": 1}, {"_time": 220.112, "_x": -1, "_y": 1}, {"_time": 220.18, "_x": 0, "_y": -1}, {"_time": 220.27, "_x": 1, "_y": 1}, {"_time": 220.63, "_x": -1, "_y": -1}, {"_time": 220.721, "_x": 1, "_y": -1}, {"_time": 220.811, "_x": -1, "_y": -1}, {"_time": 220.901, "_x": 1, "_y": -1}, {"_time": 220.991, "_x": -1, "_y": 0}, {"_time": 221.081, "_x": 1, "_y": 0}, {"_time": 221.171, "_x": -1, "_y": 0}, {"_time": 221.261, "_x": 1, "_y": 0}, {"_time": 221.351, "_x": -1, "_y": 1}, {"_time": 221.441, "_x": 1, "_y": 1}, {"_time": 221.531, "_x": -1, "_y": 1}, {"_time": 221.621, "_x": 1, "_y": 1}, {"_time": 221.712, "_x": -1, "_y": 0}, {"_time": 221.802, "_x": 1, "_y": 0}, {"_time": 221.892, "_x": -1, "_y": 0}, {"_time": 221.937, "_x": 0, "_y": 0}, {"_time": 221.982, "_x": 1, "_y": 0}, {"_time": 222.072, "_x": -1, "_y": 1}, {"_time": 222.162, "_x": 1, "_y": -1}, {"_time": 222.252, "_x": -1, "_y": 1}, {"_time": 222.342, "_x": 1, "_y": -1}, {"_time": 222.432, "_x": 0, "_y": 1}, {"_time": 222.522, "_x": 0, "_y": -1}, {"_time": 222.612, "_x": 0, "_y": 1}, {"_time": 222.703, "_x": 0, "_y": -1}, {"_time": 222.793, "_x": 1, "_y": 1}, {"_time": 222.838, "_x": 0, "_y": 0}, {"_time": 222.883, "_x": -1, "_y": -1}, {"_time": 222.973, "_x": 1, "_y": 1}, {"_time": 223.063, "_x": -1, "_y": -1}, {"_time": 223.153, "_x": 1, "_y": 0}, {"_time": 223.198, "_x": 0, "_y": 0}, {"_time": 223.243, "_x": -1, "_y": 0}, {"_time": 223.333, "_x": 1, "_y": 0}, {"_time": 223.513, "_x": -1, "_y": 1}, {"_time": 223.603, "_x": -1, "_y": -1}, {"_time": 223.694, "_x": -1, "_y": 1}, {"_time": 223.784, "_x": -1, "_y": -1}, {"_time": 223.874, "_x": 0, "_y": 1}, {"_time": 223.964, "_x": 0, "_y": -1}, {"_time": 224.054, "_x": 0, "_y": 1}, {"_time": 224.144, "_x": 0, "_y": -1}, {"_time": 224.234, "_x": 1, "_y": 1}, {"_time": 224.324, "_x": 1, "_y": -1}, {"_time": 224.414, "_x": 1, "_y": 1}, {"_time": 224.504, "_x": 1, "_y": -1}, {"_time": 224.594, "_x": 0, "_y": 1}, {"_time": 224.685, "_x": 0, "_y": -1}, {"_time": 224.775, "_x": 0, "_y": 1}, {"_time": 224.82, "_x": 0, "_y": 0}, {"_time": 224.865, "_x": 0, "_y": -1}, {"_time": 224.955, "_x": 1, "_y": 1}, {"_time": 225.045, "_x": -1, "_y": -1}, {"_time": 225.135, "_x": 1, "_y": 1}, {"_time": 225.225, "_x": -1, "_y": -1}, {"_time": 225.315, "_x": 1, "_y": 0}, {"_time": 225.405, "_x": -1, "_y": 0}, {"_time": 225.495, "_x": 1, "_y": 0}, {"_time": 225.54, "_x": 0, "_y": 0}, {"_time": 225.585, "_x": -1, "_y": 0}, {"_time": 225.676, "_x": 1, "_y": -1}, {"_time": 225.698, "_x": 1, "_y": -1}, {"_time": 225.721, "_x": 1, "_y": 0}, {"_time": 225.743, "_x": 1, "_y": 0}, {"_time": 225.766, "_x": 1, "_y": 1}, {"_time": 225.788, "_x": 1, "_y": 1}, {"_time": 225.811, "_x": 0, "_y": 1}, {"_time": 225.833, "_x": 0, "_y": 1}, {"_time": 225.856, "_x": 0, "_y": 0}, {"_time": 225.878, "_x": 0, "_y": 0}, {"_time": 225.901, "_x": 0, "_y": -1}, {"_time": 225.923, "_x": 0, "_y": -1}, {"_time": 225.946, "_x": -1, "_y": -1}, {"_time": 225.968, "_x": -1, "_y": -1}, {"_time": 225.991, "_x": -1, "_y": 0}, {"_time": 226.013, "_x": -1, "_y": 0}, {"_time": 226.036, "_x": -1, "_y": 1}, {"_time": 226.396, "_x": 1, "_y": 1}, {"_time": 226.419, "_x": 1, "_y": 1}, {"_time": 226.441, "_x": 1, "_y": 0}, {"_time": 226.464, "_x": 1, "_y": 0}, {"_time": 226.486, "_x": 1, "_y": -1}, {"_time": 226.509, "_x": 1, "_y": -1}, {"_time": 226.531, "_x": 0, "_y": -1}, {"_time": 226.554, "_x": 0, "_y": -1}, {"_time": 226.576, "_x": -1, "_y": -1}, {"_time": 226.667, "_x": 0, "_y": 1}, {"_time": 226.689, "_x": 0, "_y": 1}, {"_time": 226.712, "_x": 0, "_y": 0}, {"_time": 226.734, "_x": 0, "_y": 0}, {"_time": 226.757, "_x": 0, "_y": -1}, {"_time": 226.847, "_x": -1, "_y": 1}, {"_time": 226.869, "_x": -1, "_y": 1}, {"_time": 226.892, "_x": 0, "_y": 1}, {"_time": 226.914, "_x": 0, "_y": 1}, {"_time": 226.937, "_x": 1, "_y": 1}, {"_time": 227.027, "_x": 0, "_y": -1}, {"_time": 227.049, "_x": 0, "_y": -1}, {"_time": 227.072, "_x": 0, "_y": 0}, {"_time": 227.094, "_x": 0, "_y": 0}, {"_time": 227.117, "_x": 0, "_y": 1}, {"_time": 227.207, "_x": -1, "_y": -1}, {"_time": 227.23, "_x": -1, "_y": -1}, {"_time": 227.252, "_x": 0, "_y": -1}, {"_time": 227.275, "_x": 0, "_y": -1}, {"_time": 227.297, "_x": 1, "_y": -1}, {"_time": 227.32, "_x": 1, "_y": -1}, {"_time": 227.342, "_x": 1, "_y": 0}, {"_time": 227.365, "_x": 1, "_y": 0}, {"_time": 227.387, "_x": 1, "_y": 1}, {"_time": 227.477, "_x": -1, "_y": 0}, {"_time": 227.5, "_x": -1, "_y": 0}, {"_time": 227.522, "_x": 0, "_y": 0}, {"_time": 227.545, "_x": 0, "_y": 0}, {"_time": 227.567, "_x": 1, "_y": 0}, {"_time": 227.658, "_x": -1, "_y": 1}, {"_time": 227.68, "_x": -1, "_y": 1}, {"_time": 227.703, "_x": -1, "_y": 0}, {"_time": 227.725, "_x": -1, "_y": 0}, {"_time": 227.748, "_x": -1, "_y": -1}, {"_time": 227.77, "_x": -1, "_y": -1}, {"_time": 227.793, "_x": 0, "_y": -1}, {"_time": 227.815, "_x": 0, "_y": -1}, {"_time": 227.838, "_x": 1, "_y": -1}, {"_time": 227.928, "_x": 1, "_y": 1}, {"_time": 227.95, "_x": 1, "_y": 1}, {"_time": 227.973, "_x": 0, "_y": 1}, {"_time": 227.995, "_x": 0, "_y": 1}, {"_time": 228.018, "_x": -1, "_y": 1}, {"_time": 228.04, "_x": -1, "_y": 1}, {"_time": 228.063, "_x": -1, "_y": 0}, {"_time": 228.085, "_x": -1, "_y": 0}, {"_time": 228.108, "_x": 0, "_y": 0}, {"_time": 228.13, "_x": 0, "_y": 0}, {"_time": 228.153, "_x": 1, "_y": 0}, {"_time": 228.176, "_x": 1, "_y": 0}, {"_time": 228.198, "_x": 1, "_y": -1}, {"_time": 228.221, "_x": 1, "_y": -1}, {"_time": 228.243, "_x": 0, "_y": -1}, {"_time": 228.266, "_x": 0, "_y": -1}, {"_time": 228.288, "_x": -1, "_y": -1}, {"_time": 228.378, "_x": 0, "_y": 1}, {"_time": 228.401, "_x": 0, "_y": 1}, {"_time": 228.423, "_x": 0, "_y": 0}, {"_time": 228.446, "_x": 0, "_y": 0}, {"_time": 228.468, "_x": 0, "_y": -1}, {"_time": 228.558, "_x": -1, "_y": 1}, {"_time": 228.581, "_x": -1, "_y": 1}, {"_time": 228.603, "_x": 0, "_y": 1}, {"_time": 228.626, "_x": 0, "_y": 1}, {"_time": 228.649, "_x": 1, "_y": 1}, {"_time": 228.739, "_x": -1, "_y": -1}, {"_time": 228.761, "_x": -1, "_y": -1}, {"_time": 228.784, "_x": 0, "_y": -1}, {"_time": 228.806, "_x": 0, "_y": -1}, {"_time": 228.829, "_x": 1, "_y": -1}, {"_time": 228.851, "_x": 1, "_y": -1}, {"_time": 228.874, "_x": 1, "_y": 0}, {"_time": 228.896, "_x": 1, "_y": 0}, {"_time": 228.919, "_x": 0, "_y": 0}, {"_time": 228.941, "_x": 0, "_y": 0}, {"_time": 228.964, "_x": -1, "_y": 0}, {"_time": 228.986, "_x": -1, "_y": 0}, {"_time": 229.009, "_x": -1, "_y": 1}, {"_time": 229.099, "_x": 1, "_y": 1}, {"_time": 229.121, "_x": 1, "_y": 1}, {"_time": 229.144, "_x": 1, "_y": 0}, {"_time": 229.167, "_x": 1, "_y": 0}, {"_time": 229.189, "_x": 1, "_y": -1}, {"_time": 229.212, "_x": 1, "_y": -1}, {"_time": 229.234, "_x": 0, "_y": -1}, {"_time": 229.257, "_x": 0, "_y": -1}, {"_time": 229.279, "_x": -1, "_y": -1}, {"_time": 229.369, "_x": 0, "_y": 1}, {"_time": 229.392, "_x": 0, "_y": 1}, {"_time": 229.414, "_x": 0, "_y": 0}, {"_time": 229.437, "_x": 0, "_y": 0}, {"_time": 229.459, "_x": 0, "_y": -1}, {"_time": 229.549, "_x": -1, "_y": 1}, {"_time": 229.572, "_x": -1, "_y": 1}, {"_time": 229.594, "_x": 0, "_y": 1}, {"_time": 229.617, "_x": 0, "_y": 1}, {"_time": 229.639, "_x": 1, "_y": 1}, {"_time": 229.73, "_x": 0, "_y": -1}, {"_time": 229.752, "_x": 0, "_y": -1}, {"_time": 229.775, "_x": 0, "_y": 0}, {"_time": 229.797, "_x": 0, "_y": 0}, {"_time": 229.82, "_x": 0, "_y": 1}, {"_time": 229.91, "_x": -1, "_y": -1}, {"_time": 229.932, "_x": -1, "_y": -1}, {"_time": 229.955, "_x": 0, "_y": -1}, {"_time": 229.977, "_x": 0, "_y": -1}, {"_time": 230, "_x": 1, "_y": -1}, {"_time": 230.022, "_x": 1, "_y": -1}, {"_time": 230.045, "_x": 1, "_y": 0}, {"_time": 230.067, "_x": 1, "_y": 0}, {"_time": 230.09, "_x": 1, "_y": 1}, {"_time": 230.18, "_x": -1, "_y": 0}, {"_time": 230.203, "_x": -1, "_y": 0}, {"_time": 230.225, "_x": 0, "_y": 0}, {"_time": 230.248, "_x": 0, "_y": 0}, {"_time": 230.27, "_x": 1, "_y": 0}, {"_time": 230.36, "_x": -1, "_y": 1}, {"_time": 230.383, "_x": -1, "_y": 1}, {"_time": 230.405, "_x": -1, "_y": 0}, {"_time": 230.428, "_x": -1, "_y": 0}, {"_time": 230.45, "_x": -1, "_y": -1}, {"_time": 230.54, "_x": 1, "_y": -1}, {"_time": 230.563, "_x": 1, "_y": -1}, {"_time": 230.585, "_x": 1, "_y": 0}, {"_time": 230.608, "_x": 1, "_y": 0}, {"_time": 230.63, "_x": 1, "_y": 1}, {"_time": 230.653, "_x": 1, "_y": 1}, {"_time": 230.676, "_x": 0, "_y": 1}, {"_time": 230.698, "_x": 0, "_y": 1}, {"_time": 230.721, "_x": -1, "_y": 1}, {"_time": 230.811, "_x": -1, "_y": -1}, {"_time": 230.833, "_x": -1, "_y": -1}, {"_time": 230.856, "_x": 0, "_y": -1}, {"_time": 230.878, "_x": 0, "_y": -1}, {"_time": 230.901, "_x": 1, "_y": -1}, {"_time": 230.923, "_x": 1, "_y": -1}, {"_time": 230.946, "_x": 1, "_y": 0}, {"_time": 230.968, "_x": 1, "_y": 0}, {"_time": 230.991, "_x": 0, "_y": 0}, {"_time": 231.013, "_x": 0, "_y": 0}, {"_time": 231.036, "_x": -1, "_y": 0}, {"_time": 231.058, "_x": -1, "_y": 0}, {"_time": 231.081, "_x": -1, "_y": 1}, {"_time": 231.103, "_x": -1, "_y": 1}, {"_time": 231.126, "_x": 0, "_y": 1}, {"_time": 231.149, "_x": 0, "_y": 1}, {"_time": 231.171, "_x": 1, "_y": 1}, {"_time": 231.261, "_x": 0, "_y": -1}, {"_time": 231.284, "_x": 0, "_y": -1}, {"_time": 231.306, "_x": 0, "_y": 0}, {"_time": 231.329, "_x": 0, "_y": 0}, {"_time": 231.351, "_x": 0, "_y": 1}, {"_time": 231.441, "_x": -1, "_y": -1}, {"_time": 231.464, "_x": -1, "_y": -1}, {"_time": 231.486, "_x": 0, "_y": -1}, {"_time": 231.509, "_x": 0, "_y": -1}, {"_time": 231.531, "_x": 1, "_y": -1}, {"_time": 231.621, "_x": 1, "_y": 1}, {"_time": 231.644, "_x": 1, "_y": 1}, {"_time": 231.667, "_x": 0, "_y": 1}, {"_time": 231.689, "_x": 0, "_y": 1}, {"_time": 231.712, "_x": -1, "_y": 1}, {"_time": 231.734, "_x": -1, "_y": 1}, {"_time": 231.757, "_x": -1, "_y": 0}, {"_time": 231.779, "_x": -1, "_y": 0}, {"_time": 231.802, "_x": -1, "_y": -1}, {"_time": 231.982, "_x": 1, "_y": 0}, {"_time": 232.162, "_x": -1, "_y": 1}, {"_time": 232.252, "_x": -1, "_y": 1}, {"_time": 232.342, "_x": -1, "_y": -1}, {"_time": 232.432, "_x": -1, "_y": -1}, {"_time": 232.522, "_x": -1, "_y": 1}, {"_time": 232.612, "_x": -1, "_y": 1}, {"_time": 232.703, "_x": 0, "_y": -1}, {"_time": 232.793, "_x": 0, "_y": -1}, {"_time": 232.883, "_x": -1, "_y": 1}, {"_time": 232.973, "_x": -1, "_y": 1}, {"_time": 233.063, "_x": 1, "_y": -1}, {"_time": 233.153, "_x": 1, "_y": -1}, {"_time": 233.243, "_x": -1, "_y": 1}, {"_time": 233.333, "_x": -1, "_y": 1}, {"_time": 233.423, "_x": 1, "_y": 0}, {"_time": 233.513, "_x": 1, "_y": 0}, {"_time": 233.603, "_x": -1, "_y": 1}, {"_time": 233.694, "_x": -1, "_y": 1}, {"_time": 233.784, "_x": 1, "_y": 1}, {"_time": 233.874, "_x": 1, "_y": 1}, {"_time": 233.964, "_x": -1, "_y": 0}, {"_time": 234.054, "_x": -1, "_y": 0}, {"_time": 234.144, "_x": 1, "_y": 1}, {"_time": 234.234, "_x": 1, "_y": 1}, {"_time": 234.324, "_x": -1, "_y": -1}, {"_time": 234.414, "_x": -1, "_y": -1}, {"_time": 234.504, "_x": 1, "_y": 1}, {"_time": 234.594, "_x": 1, "_y": 1}, {"_time": 234.685, "_x": 0, "_y": -1}, {"_time": 234.73, "_x": 0, "_y": -1}, {"_time": 234.775, "_x": -1, "_y": 1}, {"_time": 234.82, "_x": -1, "_y": 1}, {"_time": 234.865, "_x": 1, "_y": 0}, {"_time": 234.91, "_x": 1, "_y": 0}, {"_time": 234.955, "_x": -1, "_y": -1}, {"_time": 235.045, "_x": -1, "_y": -1}, {"_time": 235.135, "_x": -1, "_y": 1}, {"_time": 235.225, "_x": -1, "_y": 1}, {"_time": 235.315, "_x": -1, "_y": -1}, {"_time": 235.405, "_x": -1, "_y": -1}, {"_time": 235.495, "_x": 0, "_y": 1}, {"_time": 235.585, "_x": 0, "_y": 1}, {"_time": 235.676, "_x": -1, "_y": -1}, {"_time": 235.766, "_x": -1, "_y": -1}, {"_time": 235.856, "_x": 1, "_y": 1}, {"_time": 235.946, "_x": 1, "_y": 1}, {"_time": 236.036, "_x": -1, "_y": -1}, {"_time": 236.126, "_x": -1, "_y": -1}, {"_time": 236.216, "_x": 1, "_y": 0}, {"_time": 236.306, "_x": 1, "_y": 0}, {"_time": 236.396, "_x": -1, "_y": -1}, {"_time": 236.486, "_x": -1, "_y": -1}, {"_time": 236.576, "_x": 1, "_y": -1}, {"_time": 236.667, "_x": 1, "_y": -1}, {"_time": 236.757, "_x": -1, "_y": 0}, {"_time": 236.847, "_x": -1, "_y": 0}, {"_time": 236.937, "_x": 1, "_y": -1}, {"_time": 237.027, "_x": 1, "_y": -1}, {"_time": 237.117, "_x": -1, "_y": 1}, {"_time": 237.207, "_x": -1, "_y": 1}, {"_time": 237.23, "_x": -1, "_y": 1}, {"_time": 237.252, "_x": -1, "_y": 0}, {"_time": 237.275, "_x": -1, "_y": 0}, {"_time": 237.297, "_x": -1, "_y": -1}, {"_time": 237.32, "_x": -1, "_y": -1}, {"_time": 237.342, "_x": 0, "_y": -1}, {"_time": 237.365, "_x": 0, "_y": -1}, {"_time": 237.387, "_x": 0, "_y": 0}, {"_time": 237.41, "_x": 0, "_y": 0}, {"_time": 237.432, "_x": 0, "_y": 1}, {"_time": 237.455, "_x": 0, "_y": 1}, {"_time": 237.477, "_x": 1, "_y": 1}, {"_time": 237.5, "_x": 1, "_y": 1}, {"_time": 237.522, "_x": 1, "_y": 0}, {"_time": 237.545, "_x": 1, "_y": 0}, {"_time": 237.567, "_x": 1, "_y": -1}, {"_time": 237.658, "_x": -1, "_y": -1}, {"_time": 237.68, "_x": -1, "_y": -1}, {"_time": 237.703, "_x": -1, "_y": 0}, {"_time": 237.725, "_x": -1, "_y": 0}, {"_time": 237.748, "_x": 0, "_y": 0}, {"_time": 237.77, "_x": 0, "_y": 0}, {"_time": 237.793, "_x": 1, "_y": 0}, {"_time": 237.815, "_x": 1, "_y": 0}, {"_time": 237.838, "_x": 1, "_y": 1}, {"_time": 237.86, "_x": 1, "_y": 1}, {"_time": 237.883, "_x": 0, "_y": 1}, {"_time": 237.905, "_x": 0, "_y": 1}, {"_time": 237.928, "_x": -1, "_y": 1}]}