{"_approachDistance": 50, "_approachTime": 1, "_name": "Logic", "_notes": [{"_time": 1.644, "_x": 1, "_y": 1}, {"_time": 1.849, "_x": 1, "_y": 0}, {"_time": 2.055, "_x": 1, "_y": -1}, {"_time": 2.26, "_x": 0, "_y": -1}, {"_time": 2.466, "_x": -1, "_y": -1}, {"_time": 2.671, "_x": -1, "_y": 0}, {"_time": 2.877, "_x": 0, "_y": 0}, {"_time": 3.082, "_x": 1, "_y": 0}, {"_time": 3.288, "_x": 1, "_y": 1}, {"_time": 3.493, "_x": 0, "_y": 1}, {"_time": 3.699, "_x": -1, "_y": 1}, {"_time": 3.904, "_x": -1, "_y": 0}, {"_time": 4.11, "_x": 0, "_y": 0}, {"_time": 4.315, "_x": 1, "_y": 0}, {"_time": 4.521, "_x": 1, "_y": -1}, {"_time": 4.726, "_x": 0, "_y": -1}, {"_time": 4.932, "_x": -1, "_y": -1}, {"_time": 5.137, "_x": -1, "_y": 0}, {"_time": 5.548, "_x": 1, "_y": 0}, {"_time": 5.753, "_x": 1, "_y": 1}, {"_time": 5.959, "_x": -1, "_y": 1}, {"_time": 6.164, "_x": -1, "_y": 0}, {"_time": 6.37, "_x": 0, "_y": -1}, {"_time": 6.575, "_x": 1, "_y": 1}, {"_time": 6.781, "_x": 0, "_y": 1}, {"_time": 7.192, "_x": 0, "_y": -1}, {"_time": 7.397, "_x": -1, "_y": -1}, {"_time": 7.603, "_x": -1, "_y": 0}, {"_time": 7.808, "_x": 0, "_y": 1}, {"_time": 8.014, "_x": 1, "_y": 0}, {"_time": 8.219, "_x": 1, "_y": -1}, {"_time": 8.425, "_x": 0, "_y": -1}, {"_time": 8.63, "_x": -1, "_y": -1}, {"_time": 8.836, "_x": -1, "_y": 0}, {"_time": 9.041, "_x": -1, "_y": 1}, {"_time": 9.247, "_x": 0, "_y": 1}, {"_time": 9.452, "_x": 0, "_y": 0}, {"_time": 9.658, "_x": 0, "_y": -1}, {"_time": 9.863, "_x": 1, "_y": -1}, {"_time": 10.068, "_x": 1, "_y": 0}, {"_time": 10.274, "_x": 1, "_y": 1}, {"_time": 10.479, "_x": 0, "_y": 1}, {"_time": 10.685, "_x": 0, "_y": 0}, {"_time": 10.89, "_x": 0, "_y": -1}, {"_time": 11.096, "_x": -1, "_y": -1}, {"_time": 11.301, "_x": -1, "_y": 0}, {"_time": 11.507, "_x": -1, "_y": 1}, {"_time": 11.712, "_x": 1, "_y": 1}, {"_time": 11.918, "_x": -1, "_y": 0}, {"_time": 12.123, "_x": 1, "_y": 0}, {"_time": 12.329, "_x": -1, "_y": -1}, {"_time": 12.534, "_x": 1, "_y": -1}, {"_time": 12.74, "_x": -1, "_y": 0}, {"_time": 12.945, "_x": 1, "_y": 0}, {"_time": 13.151, "_x": -1, "_y": 1}, {"_time": 13.356, "_x": -1, "_y": -1}, {"_time": 13.562, "_x": 0, "_y": 1}, {"_time": 13.767, "_x": 0, "_y": -1}, {"_time": 13.973, "_x": 1, "_y": 1}, {"_time": 14.178, "_x": 1, "_y": -1}, {"_time": 14.384, "_x": 0, "_y": 1}, {"_time": 14.589, "_x": 0, "_y": -1}, {"_time": 14.795, "_x": -1, "_y": 1}, {"_time": 15, "_x": 1, "_y": -1}, {"_time": 15.205, "_x": 0, "_y": 1}, {"_time": 15.411, "_x": -1, "_y": -1}, {"_time": 15.616, "_x": 1, "_y": 1}, {"_time": 15.822, "_x": 0, "_y": -1}, {"_time": 16.027, "_x": -1, "_y": 1}, {"_time": 16.233, "_x": 1, "_y": -1}, {"_time": 16.438, "_x": -1, "_y": 0}, {"_time": 16.644, "_x": 1, "_y": 1}, {"_time": 16.849, "_x": 0, "_y": -1}, {"_time": 17.055, "_x": -1, "_y": 1}, {"_time": 17.26, "_x": 1, "_y": -1}, {"_time": 17.466, "_x": 0, "_y": 1}, {"_time": 17.671, "_x": -1, "_y": -1}, {"_time": 17.877, "_x": 1, "_y": 0}, {"_time": 18.082, "_x": -1, "_y": 0}, {"_time": 18.288, "_x": 1, "_y": -1}, {"_time": 18.493, "_x": 0, "_y": 1}, {"_time": 18.699, "_x": -1, "_y": -1}, {"_time": 18.904, "_x": 1, "_y": 1}, {"_time": 19.11, "_x": 1, "_y": -1}, {"_time": 19.315, "_x": 0, "_y": 1}, {"_time": 19.521, "_x": 0, "_y": -1}, {"_time": 19.726, "_x": -1, "_y": 1}, {"_time": 19.932, "_x": 1, "_y": -1}, {"_time": 20.137, "_x": -1, "_y": 0}, {"_time": 20.342, "_x": 1, "_y": 0}, {"_time": 20.548, "_x": -1, "_y": -1}, {"_time": 20.753, "_x": -1, "_y": 1}, {"_time": 20.959, "_x": 0, "_y": -1}, {"_time": 21.164, "_x": 0, "_y": 1}, {"_time": 21.37, "_x": 1, "_y": -1}, {"_time": 21.473, "_x": 0, "_y": -1}, {"_time": 21.575, "_x": -1, "_y": -1}, {"_time": 21.678, "_x": -1, "_y": 0}, {"_time": 21.781, "_x": 0, "_y": 0}, {"_time": 21.884, "_x": 1, "_y": 0}, {"_time": 21.986, "_x": 1, "_y": 1}, {"_time": 22.089, "_x": 0, "_y": 1}, {"_time": 22.192, "_x": -1, "_y": 1}, {"_time": 22.295, "_x": -1, "_y": 0}, {"_time": 22.397, "_x": -1, "_y": -1}, {"_time": 22.5, "_x": 0, "_y": -1}, {"_time": 22.603, "_x": 0, "_y": 0}, {"_time": 22.705, "_x": 0, "_y": 1}, {"_time": 22.808, "_x": 1, "_y": 1}, {"_time": 22.911, "_x": 1, "_y": 0}, {"_time": 23.014, "_x": 1, "_y": -1}, {"_time": 23.116, "_x": 0, "_y": -1}, {"_time": 23.219, "_x": -1, "_y": -1}, {"_time": 23.322, "_x": -1, "_y": 0}, {"_time": 23.425, "_x": 0, "_y": 0}, {"_time": 23.527, "_x": 1, "_y": 0}, {"_time": 23.63, "_x": 1, "_y": 1}, {"_time": 23.733, "_x": 0, "_y": 1}, {"_time": 23.836, "_x": -1, "_y": 1}, {"_time": 23.938, "_x": -1, "_y": 0}, {"_time": 24.041, "_x": -1, "_y": -1}, {"_time": 24.144, "_x": 0, "_y": -1}, {"_time": 24.247, "_x": 0, "_y": 0}, {"_time": 24.349, "_x": 0, "_y": 1}, {"_time": 24.452, "_x": 1, "_y": 1}, {"_time": 24.555, "_x": 1, "_y": 0}, {"_time": 24.658, "_x": 1, "_y": -1}, {"_time": 24.76, "_x": -1, "_y": -1}, {"_time": 24.863, "_x": 1, "_y": 0}, {"_time": 24.966, "_x": -1, "_y": 0}, {"_time": 25.068, "_x": 1, "_y": 1}, {"_time": 25.171, "_x": -1, "_y": 1}, {"_time": 25.274, "_x": 1, "_y": 0}, {"_time": 25.377, "_x": -1, "_y": 0}, {"_time": 25.479, "_x": 1, "_y": -1}, {"_time": 25.582, "_x": -1, "_y": -1}, {"_time": 25.685, "_x": 1, "_y": 0}, {"_time": 25.788, "_x": -1, "_y": 0}, {"_time": 25.89, "_x": 1, "_y": 1}, {"_time": 25.993, "_x": -1, "_y": 1}, {"_time": 26.096, "_x": 1, "_y": 0}, {"_time": 26.199, "_x": -1, "_y": 0}, {"_time": 26.301, "_x": 1, "_y": -1}, {"_time": 26.353, "_x": 0, "_y": -1}, {"_time": 26.404, "_x": -1, "_y": -1}, {"_time": 26.455, "_x": -1, "_y": 0}, {"_time": 26.507, "_x": 0, "_y": 0}, {"_time": 26.558, "_x": 1, "_y": 0}, {"_time": 26.61, "_x": 1, "_y": 1}, {"_time": 26.661, "_x": 0, "_y": 1}, {"_time": 26.712, "_x": -1, "_y": 1}, {"_time": 26.764, "_x": -1, "_y": 0}, {"_time": 26.815, "_x": -1, "_y": -1}, {"_time": 26.866, "_x": 0, "_y": -1}, {"_time": 26.918, "_x": 0, "_y": 0}, {"_time": 26.969, "_x": 0, "_y": 1}, {"_time": 27.021, "_x": 1, "_y": 1}, {"_time": 27.072, "_x": 1, "_y": 0}, {"_time": 27.123, "_x": 1, "_y": -1}, {"_time": 27.945, "_x": -1, "_y": 1}, {"_time": 28.151, "_x": 1, "_y": -1}, {"_time": 28.356, "_x": 0, "_y": 1}, {"_time": 28.562, "_x": -1, "_y": -1}, {"_time": 28.767, "_x": 1, "_y": 0}, {"_time": 28.973, "_x": -1, "_y": 1}, {"_time": 29.178, "_x": 0, "_y": -1}, {"_time": 29.384, "_x": 1, "_y": 1}, {"_time": 29.435, "_x": 1, "_y": 0}, {"_time": 29.486, "_x": 1, "_y": -1}, {"_time": 29.538, "_x": 0, "_y": -1}, {"_time": 29.589, "_x": -1, "_y": -1}, {"_time": 29.795, "_x": 1, "_y": 0}, {"_time": 30, "_x": -1, "_y": 1}, {"_time": 30.205, "_x": 0, "_y": -1}, {"_time": 30.411, "_x": 0, "_y": 1}, {"_time": 30.616, "_x": 1, "_y": -1}, {"_time": 30.822, "_x": 1, "_y": 1}, {"_time": 31.027, "_x": -1, "_y": -1}, {"_time": 31.13, "_x": 1, "_y": 0}, {"_time": 31.233, "_x": -1, "_y": 1}, {"_time": 31.438, "_x": 1, "_y": -1}, {"_time": 31.644, "_x": 0, "_y": 1}, {"_time": 31.849, "_x": -1, "_y": -1}, {"_time": 32.055, "_x": 1, "_y": 0}, {"_time": 32.26, "_x": -1, "_y": 1}, {"_time": 32.466, "_x": 0, "_y": -1}, {"_time": 32.671, "_x": 1, "_y": 1}, {"_time": 32.723, "_x": 0, "_y": 1}, {"_time": 32.774, "_x": -1, "_y": 1}, {"_time": 32.825, "_x": -1, "_y": 0}, {"_time": 32.877, "_x": -1, "_y": -1}, {"_time": 33.082, "_x": 1, "_y": 0}, {"_time": 33.288, "_x": -1, "_y": 1}, {"_time": 33.493, "_x": 0, "_y": -1}, {"_time": 33.596, "_x": 0, "_y": 1}, {"_time": 33.699, "_x": -1, "_y": -1}, {"_time": 33.904, "_x": 1, "_y": 1}, {"_time": 33.955, "_x": 1, "_y": 0}, {"_time": 34.007, "_x": 1, "_y": -1}, {"_time": 34.058, "_x": 0, "_y": -1}, {"_time": 34.11, "_x": -1, "_y": -1}, {"_time": 34.135, "_x": -1, "_y": -1}, {"_time": 34.161, "_x": -1, "_y": 0}, {"_time": 34.187, "_x": -1, "_y": 0}, {"_time": 34.212, "_x": 0, "_y": 0}, {"_time": 34.238, "_x": 0, "_y": 0}, {"_time": 34.264, "_x": 1, "_y": 0}, {"_time": 34.289, "_x": 1, "_y": 0}, {"_time": 34.315, "_x": 1, "_y": 1}, {"_time": 34.418, "_x": -1, "_y": 1}, {"_time": 34.469, "_x": -1, "_y": 0}, {"_time": 34.521, "_x": -1, "_y": -1}, {"_time": 34.726, "_x": 1, "_y": 0}, {"_time": 34.932, "_x": -1, "_y": 1}, {"_time": 35.137, "_x": 0, "_y": -1}, {"_time": 35.342, "_x": 1, "_y": 1}, {"_time": 35.548, "_x": -1, "_y": -1}, {"_time": 35.753, "_x": 1, "_y": 0}, {"_time": 35.959, "_x": -1, "_y": 1}, {"_time": 36.01, "_x": -1, "_y": 0}, {"_time": 36.062, "_x": -1, "_y": -1}, {"_time": 36.113, "_x": 0, "_y": -1}, {"_time": 36.164, "_x": 1, "_y": -1}, {"_time": 36.37, "_x": 1, "_y": 1}, {"_time": 36.575, "_x": 0, "_y": -1}, {"_time": 36.781, "_x": 0, "_y": 1}, {"_time": 36.986, "_x": -1, "_y": -1}, {"_time": 37.192, "_x": -1, "_y": 1}, {"_time": 37.295, "_x": 1, "_y": -1}, {"_time": 37.397, "_x": 0, "_y": 1}, {"_time": 37.5, "_x": 0, "_y": -1}, {"_time": 37.603, "_x": -1, "_y": 1}, {"_time": 37.654, "_x": 0, "_y": 1}, {"_time": 37.705, "_x": 1, "_y": 1}, {"_time": 37.757, "_x": 1, "_y": 0}, {"_time": 37.808, "_x": 1, "_y": -1}, {"_time": 38.014, "_x": -1, "_y": 0}, {"_time": 38.219, "_x": 1, "_y": 0}, {"_time": 38.322, "_x": -1, "_y": 0}, {"_time": 38.425, "_x": 1, "_y": 1}, {"_time": 38.45, "_x": 1, "_y": 1}, {"_time": 38.476, "_x": 1, "_y": 0}, {"_time": 38.502, "_x": 1, "_y": 0}, {"_time": 38.527, "_x": 1, "_y": -1}, {"_time": 38.553, "_x": 1, "_y": -1}, {"_time": 38.579, "_x": 0, "_y": -1}, {"_time": 38.604, "_x": 0, "_y": -1}, {"_time": 38.63, "_x": -1, "_y": -1}, {"_time": 38.836, "_x": 1, "_y": 1}, {"_time": 39.041, "_x": -1, "_y": -1}, {"_time": 39.144, "_x": 1, "_y": 0}, {"_time": 39.247, "_x": -1, "_y": 1}, {"_time": 39.272, "_x": -1, "_y": 1}, {"_time": 39.298, "_x": -1, "_y": 0}, {"_time": 39.324, "_x": -1, "_y": 0}, {"_time": 39.349, "_x": -1, "_y": -1}, {"_time": 39.375, "_x": -1, "_y": -1}, {"_time": 39.401, "_x": 0, "_y": -1}, {"_time": 39.426, "_x": 0, "_y": -1}, {"_time": 39.452, "_x": 1, "_y": -1}, {"_time": 39.658, "_x": 1, "_y": 1}, {"_time": 39.863, "_x": 0, "_y": -1}, {"_time": 40.068, "_x": 0, "_y": 1}, {"_time": 40.171, "_x": -1, "_y": -1}, {"_time": 40.274, "_x": 1, "_y": 0}, {"_time": 40.377, "_x": -1, "_y": 1}, {"_time": 40.479, "_x": 1, "_y": -1}, {"_time": 40.531, "_x": 1, "_y": 0}, {"_time": 40.582, "_x": 1, "_y": 1}, {"_time": 40.685, "_x": -1, "_y": 1}, {"_time": 40.711, "_x": -1, "_y": 1}, {"_time": 40.736, "_x": -1, "_y": 0}, {"_time": 40.762, "_x": -1, "_y": 0}, {"_time": 40.788, "_x": -1, "_y": -1}, {"_time": 40.813, "_x": -1, "_y": -1}, {"_time": 40.839, "_x": 0, "_y": -1}, {"_time": 40.865, "_x": 0, "_y": -1}, {"_time": 40.89, "_x": 0, "_y": 0}, {"_time": 40.916, "_x": 0, "_y": 0}, {"_time": 40.942, "_x": 0, "_y": 1}, {"_time": 40.967, "_x": 0, "_y": 1}, {"_time": 40.993, "_x": 1, "_y": 1}, {"_time": 41.019, "_x": 1, "_y": 1}, {"_time": 41.045, "_x": 1, "_y": 0}, {"_time": 41.07, "_x": 1, "_y": 0}, {"_time": 41.096, "_x": 1, "_y": -1}, {"_time": 41.301, "_x": -1, "_y": 0}, {"_time": 41.507, "_x": 1, "_y": 0}, {"_time": 41.712, "_x": -1, "_y": 1}, {"_time": 41.918, "_x": 1, "_y": -1}, {"_time": 42.123, "_x": 0, "_y": 1}, {"_time": 42.329, "_x": 0, "_y": -1}, {"_time": 42.534, "_x": 1, "_y": 1}, {"_time": 42.586, "_x": 0, "_y": 1}, {"_time": 42.637, "_x": -1, "_y": 1}, {"_time": 42.688, "_x": -1, "_y": 0}, {"_time": 42.74, "_x": -1, "_y": -1}, {"_time": 42.945, "_x": 1, "_y": 0}, {"_time": 43.151, "_x": -1, "_y": 1}, {"_time": 43.356, "_x": 1, "_y": -1}, {"_time": 43.562, "_x": 0, "_y": 1}, {"_time": 43.767, "_x": -1, "_y": -1}, {"_time": 43.973, "_x": 1, "_y": 0}, {"_time": 44.178, "_x": -1, "_y": 0}, {"_time": 44.281, "_x": 1, "_y": 1}, {"_time": 44.384, "_x": 0, "_y": -1}, {"_time": 44.589, "_x": -1, "_y": 1}, {"_time": 44.795, "_x": 1, "_y": -1}, {"_time": 45, "_x": 0, "_y": 1}, {"_time": 45.205, "_x": -1, "_y": -1}, {"_time": 45.411, "_x": 1, "_y": 0}, {"_time": 45.616, "_x": -1, "_y": 1}, {"_time": 45.822, "_x": 1, "_y": -1}, {"_time": 45.873, "_x": 1, "_y": 0}, {"_time": 45.925, "_x": 1, "_y": 1}, {"_time": 45.976, "_x": 0, "_y": 1}, {"_time": 46.027, "_x": -1, "_y": 1}, {"_time": 46.233, "_x": -1, "_y": -1}, {"_time": 46.438, "_x": 0, "_y": 1}, {"_time": 46.644, "_x": 0, "_y": -1}, {"_time": 46.747, "_x": 1, "_y": 1}, {"_time": 46.849, "_x": -1, "_y": -1}, {"_time": 47.055, "_x": 1, "_y": 0}, {"_time": 47.106, "_x": 0, "_y": 0}, {"_time": 47.158, "_x": -1, "_y": 0}, {"_time": 47.26, "_x": 1, "_y": -1}, {"_time": 47.286, "_x": 1, "_y": -1}, {"_time": 47.312, "_x": 1, "_y": 0}, {"_time": 47.337, "_x": 1, "_y": 0}, {"_time": 47.363, "_x": 1, "_y": 1}, {"_time": 47.389, "_x": 1, "_y": 1}, {"_time": 47.414, "_x": 0, "_y": 1}, {"_time": 47.44, "_x": 0, "_y": 1}, {"_time": 47.466, "_x": 0, "_y": 0}, {"_time": 47.491, "_x": 0, "_y": 0}, {"_time": 47.517, "_x": 0, "_y": -1}, {"_time": 47.543, "_x": 0, "_y": -1}, {"_time": 47.568, "_x": -1, "_y": -1}, {"_time": 47.62, "_x": -1, "_y": 0}, {"_time": 47.671, "_x": -1, "_y": 1}, {"_time": 47.877, "_x": 1, "_y": 0}, {"_time": 48.082, "_x": -1, "_y": -1}, {"_time": 48.185, "_x": 1, "_y": 1}, {"_time": 48.211, "_x": 1, "_y": 1}, {"_time": 48.236, "_x": 1, "_y": 0}, {"_time": 48.262, "_x": 1, "_y": 0}, {"_time": 48.288, "_x": 1, "_y": -1}, {"_time": 48.313, "_x": 1, "_y": -1}, {"_time": 48.339, "_x": 0, "_y": -1}, {"_time": 48.365, "_x": 0, "_y": -1}, {"_time": 48.39, "_x": -1, "_y": -1}, {"_time": 48.493, "_x": 0, "_y": 1}, {"_time": 48.699, "_x": 1, "_y": -1}, {"_time": 48.724, "_x": 1, "_y": -1}, {"_time": 48.75, "_x": 0, "_y": -1}, {"_time": 48.776, "_x": 0, "_y": -1}, {"_time": 48.801, "_x": -1, "_y": -1}, {"_time": 48.904, "_x": 1, "_y": 1}, {"_time": 49.11, "_x": 0, "_y": -1}, {"_time": 49.161, "_x": 0, "_y": 0}, {"_time": 49.212, "_x": 0, "_y": 1}, {"_time": 49.315, "_x": -1, "_y": -1}, {"_time": 49.521, "_x": 1, "_y": 0}, {"_time": 49.726, "_x": -1, "_y": 1}, {"_time": 49.829, "_x": 1, "_y": -1}, {"_time": 49.932, "_x": 0, "_y": 1}, {"_time": 50.137, "_x": -1, "_y": -1}, {"_time": 50.24, "_x": 1, "_y": 0}, {"_time": 50.342, "_x": -1, "_y": 1}, {"_time": 50.394, "_x": 0, "_y": 1}, {"_time": 50.445, "_x": 1, "_y": 1}, {"_time": 50.548, "_x": 0, "_y": -1}, {"_time": 50.651, "_x": -1, "_y": 1}, {"_time": 50.753, "_x": 1, "_y": 1}, {"_time": 50.805, "_x": 1, "_y": 0}, {"_time": 50.856, "_x": 1, "_y": -1}, {"_time": 50.908, "_x": 0, "_y": -1}, {"_time": 50.959, "_x": -1, "_y": -1}, {"_time": 51.062, "_x": 0, "_y": 1}, {"_time": 51.164, "_x": 1, "_y": -1}, {"_time": 51.267, "_x": -1, "_y": 0}, {"_time": 51.37, "_x": 1, "_y": 1}, {"_time": 51.473, "_x": 0, "_y": -1}, {"_time": 51.575, "_x": -1, "_y": 1}, {"_time": 51.601, "_x": -1, "_y": 1}, {"_time": 51.627, "_x": 0, "_y": 1}, {"_time": 51.652, "_x": 0, "_y": 1}, {"_time": 51.678, "_x": 1, "_y": 1}, {"_time": 51.704, "_x": 1, "_y": 1}, {"_time": 51.729, "_x": 1, "_y": 0}, {"_time": 51.755, "_x": 1, "_y": 0}, {"_time": 51.781, "_x": 1, "_y": -1}, {"_time": 51.884, "_x": 0, "_y": 1}, {"_time": 51.986, "_x": -1, "_y": -1}, {"_time": 52.089, "_x": 1, "_y": 0}, {"_time": 52.192, "_x": -1, "_y": 1}, {"_time": 52.295, "_x": 0, "_y": -1}, {"_time": 52.397, "_x": 1, "_y": 1}, {"_time": 52.423, "_x": 1, "_y": 1}, {"_time": 52.449, "_x": 0, "_y": 1}, {"_time": 52.474, "_x": 0, "_y": 1}, {"_time": 52.5, "_x": -1, "_y": 1}, {"_time": 52.526, "_x": -1, "_y": 1}, {"_time": 52.551, "_x": -1, "_y": 0}, {"_time": 52.577, "_x": -1, "_y": 0}, {"_time": 52.603, "_x": -1, "_y": -1}, {"_time": 52.705, "_x": 1, "_y": 0}, {"_time": 52.808, "_x": -1, "_y": 1}, {"_time": 52.834, "_x": -1, "_y": 1}, {"_time": 52.86, "_x": -1, "_y": 0}, {"_time": 52.885, "_x": -1, "_y": 0}, {"_time": 52.911, "_x": -1, "_y": -1}, {"_time": 52.937, "_x": -1, "_y": -1}, {"_time": 52.962, "_x": 0, "_y": -1}, {"_time": 52.988, "_x": 0, "_y": -1}, {"_time": 53.014, "_x": 1, "_y": -1}, {"_time": 53.116, "_x": 0, "_y": 1}, {"_time": 53.219, "_x": -1, "_y": -1}, {"_time": 53.245, "_x": -1, "_y": -1}, {"_time": 53.271, "_x": 0, "_y": -1}, {"_time": 53.296, "_x": 0, "_y": -1}, {"_time": 53.322, "_x": 1, "_y": -1}, {"_time": 53.348, "_x": 1, "_y": -1}, {"_time": 53.373, "_x": 1, "_y": 0}, {"_time": 53.399, "_x": 1, "_y": 0}, {"_time": 53.425, "_x": 1, "_y": 1}, {"_time": 53.527, "_x": -1, "_y": 0}, {"_time": 53.63, "_x": 1, "_y": 0}, {"_time": 53.733, "_x": -1, "_y": -1}, {"_time": 53.836, "_x": 1, "_y": 1}, {"_time": 53.861, "_x": 1, "_y": 1}, {"_time": 53.887, "_x": 0, "_y": 1}, {"_time": 53.913, "_x": 0, "_y": 1}, {"_time": 53.938, "_x": -1, "_y": 1}, {"_time": 53.964, "_x": -1, "_y": 1}, {"_time": 53.99, "_x": -1, "_y": 0}, {"_time": 54.015, "_x": -1, "_y": 0}, {"_time": 54.041, "_x": 0, "_y": 0}, {"_time": 54.067, "_x": 0, "_y": 0}, {"_time": 54.092, "_x": 1, "_y": 0}, {"_time": 54.118, "_x": 1, "_y": 0}, {"_time": 54.144, "_x": 1, "_y": -1}, {"_time": 54.17, "_x": 1, "_y": -1}, {"_time": 54.195, "_x": 0, "_y": -1}, {"_time": 54.221, "_x": 0, "_y": -1}, {"_time": 54.247, "_x": -1, "_y": -1}, {"_time": 54.349, "_x": 0, "_y": 1.25}, {"_time": 54.452, "_x": 1.25, "_y": -1.25}, {"_time": 54.555, "_x": -1.25, "_y": 0}, {"_time": 54.658, "_x": 1.25, "_y": 0}, {"_time": 54.76, "_x": -1.25, "_y": 1.25}, {"_time": 54.863, "_x": 0, "_y": -1.25}, {"_time": 54.966, "_x": 1.25, "_y": 1.25}, {"_time": 55.068, "_x": -1.25, "_y": -1.25}, {"_time": 55.171, "_x": 1.25, "_y": 0}, {"_time": 55.274, "_x": -1.25, "_y": 1.25}, {"_time": 55.377, "_x": 0, "_y": -1.25}, {"_time": 55.479, "_x": 1.25, "_y": 1.25}, {"_time": 55.582, "_x": -1.25, "_y": -1.25}, {"_time": 55.685, "_x": 1.25, "_y": 0}, {"_time": 55.736, "_x": 0, "_y": 0}, {"_time": 55.788, "_x": -1.25, "_y": 0}, {"_time": 55.89, "_x": 1.25, "_y": -1.25}, {"_time": 55.993, "_x": -1.25, "_y": 1.25}, {"_time": 56.096, "_x": 0, "_y": -1.25}, {"_time": 56.199, "_x": 1.25, "_y": 1.25}, {"_time": 56.301, "_x": -1.25, "_y": -1.25}, {"_time": 56.404, "_x": 1.25, "_y": 0}, {"_time": 56.507, "_x": -1.25, "_y": 1.25}, {"_time": 56.61, "_x": 1.25, "_y": -1.25}, {"_time": 56.712, "_x": 1.25, "_y": 1.25}, {"_time": 56.815, "_x": 0, "_y": -1.25}, {"_time": 56.918, "_x": 0, "_y": 1.25}, {"_time": 57.021, "_x": -1.25, "_y": -1.25}, {"_time": 57.123, "_x": -1.25, "_y": 1.25}, {"_time": 57.175, "_x": 0, "_y": 1.25}, {"_time": 57.226, "_x": 1.25, "_y": 1.25}, {"_time": 57.277, "_x": 1.25, "_y": 0}, {"_time": 57.329, "_x": 0, "_y": 0}, {"_time": 57.38, "_x": -1.25, "_y": 0}, {"_time": 57.432, "_x": -1.25, "_y": -1.25}, {"_time": 57.483, "_x": 0, "_y": -1.25}, {"_time": 57.534, "_x": 1.25, "_y": -1.25}, {"_time": 57.637, "_x": 0, "_y": 1.25}, {"_time": 57.74, "_x": -1.25, "_y": -1.25}, {"_time": 57.842, "_x": 1.25, "_y": 0}, {"_time": 57.945, "_x": -1.25, "_y": 0}, {"_time": 58.048, "_x": 1.25, "_y": -1.25}, {"_time": 58.151, "_x": 0, "_y": 1.25}, {"_time": 58.253, "_x": -1.25, "_y": -1.25}, {"_time": 58.356, "_x": 1.25, "_y": 1.25}, {"_time": 58.459, "_x": 0, "_y": -1.25}, {"_time": 58.562, "_x": -1.25, "_y": 1.25}, {"_time": 58.664, "_x": 1.25, "_y": 0}, {"_time": 58.767, "_x": -1.25, "_y": -1.25}, {"_time": 58.87, "_x": 1.25, "_y": 0}, {"_time": 58.973, "_x": -1.25, "_y": 0}, {"_time": 59.075, "_x": 1.25, "_y": 1.25}, {"_time": 59.127, "_x": 1.25, "_y": 0}, {"_time": 59.178, "_x": 1.25, "_y": -1.25}, {"_time": 59.229, "_x": 0, "_y": -1.25}, {"_time": 59.281, "_x": -1.25, "_y": -1.25}, {"_time": 59.384, "_x": 0, "_y": 1.25}, {"_time": 59.486, "_x": 1.25, "_y": -1.25}, {"_time": 59.589, "_x": -1.25, "_y": 0}, {"_time": 59.692, "_x": 1.25, "_y": 1.25}, {"_time": 59.795, "_x": 0, "_y": -1.25}, {"_time": 59.897, "_x": -1.25, "_y": 1.25}, {"_time": 59.949, "_x": -1.25, "_y": 0}, {"_time": 60, "_x": -1.25, "_y": -1.25}, {"_time": 60.103, "_x": 1.25, "_y": 1.25}, {"_time": 60.205, "_x": 0, "_y": -1.25}, {"_time": 60.257, "_x": 0, "_y": 0}, {"_time": 60.308, "_x": 0, "_y": 1.25}, {"_time": 60.411, "_x": -1.25, "_y": -1.25}, {"_time": 60.437, "_x": -1.25, "_y": -1.25}, {"_time": 60.462, "_x": 0, "_y": -1.25}, {"_time": 60.488, "_x": 0, "_y": -1.25}, {"_time": 60.514, "_x": 1.25, "_y": -1.25}, {"_time": 60.539, "_x": 1.25, "_y": -1.25}, {"_time": 60.565, "_x": 1.25, "_y": 0}, {"_time": 60.591, "_x": 1.25, "_y": 0}, {"_time": 60.616, "_x": 0, "_y": 0}, {"_time": 60.642, "_x": 0, "_y": 0}, {"_time": 60.668, "_x": -1.25, "_y": 0}, {"_time": 60.693, "_x": -1.25, "_y": 0}, {"_time": 60.719, "_x": -1.25, "_y": 1.25}, {"_time": 60.745, "_x": -1.25, "_y": 1.25}, {"_time": 60.771, "_x": 0, "_y": 1.25}, {"_time": 60.796, "_x": 0, "_y": 1.25}, {"_time": 60.822, "_x": 1.25, "_y": 1.25}, {"_time": 60.925, "_x": 1.25, "_y": -1.25}, {"_time": 61.027, "_x": 0, "_y": 1.25}, {"_time": 61.13, "_x": 0, "_y": -1.25}, {"_time": 61.233, "_x": -1.25, "_y": 1.25}, {"_time": 61.336, "_x": -1.25, "_y": -1.25}, {"_time": 61.438, "_x": 1.25, "_y": 1.25}, {"_time": 61.541, "_x": 0, "_y": -1.25}, {"_time": 61.644, "_x": -1.25, "_y": 1.25}, {"_time": 61.747, "_x": 1.25, "_y": 0}, {"_time": 61.849, "_x": -1.25, "_y": 0}, {"_time": 61.952, "_x": 1.25, "_y": -1.25}, {"_time": 62.055, "_x": 0, "_y": 1.25}, {"_time": 62.158, "_x": 0, "_y": -1.25}, {"_time": 62.26, "_x": -1.25, "_y": 1.25}, {"_time": 62.363, "_x": 1.25, "_y": 0}, {"_time": 62.414, "_x": 0, "_y": 0}, {"_time": 62.466, "_x": -1.25, "_y": 0}, {"_time": 62.568, "_x": 1.25, "_y": -1.25}, {"_time": 62.671, "_x": 0, "_y": 1.25}, {"_time": 62.774, "_x": -1.25, "_y": -1.25}, {"_time": 62.877, "_x": 1.25, "_y": 0}, {"_time": 62.979, "_x": -1.25, "_y": 1.25}, {"_time": 63.082, "_x": 0, "_y": -1.25}, {"_time": 63.185, "_x": 1.25, "_y": 1.25}, {"_time": 63.288, "_x": -1.25, "_y": 0}, {"_time": 63.39, "_x": 1.25, "_y": -1.25}, {"_time": 63.493, "_x": 0, "_y": 1.25}, {"_time": 63.596, "_x": 0, "_y": -1.25}, {"_time": 63.699, "_x": -1.25, "_y": 1.25}, {"_time": 63.75, "_x": 0, "_y": 1.25}, {"_time": 63.801, "_x": 1.25, "_y": 1.25}, {"_time": 63.853, "_x": 1.25, "_y": 0}, {"_time": 63.904, "_x": 1.25, "_y": -1.25}, {"_time": 64.007, "_x": -1.25, "_y": -1.25}, {"_time": 64.11, "_x": 1.25, "_y": 1.25}, {"_time": 64.212, "_x": 0, "_y": -1.25}, {"_time": 64.315, "_x": -1.25, "_y": 1.25}, {"_time": 64.418, "_x": 1.25, "_y": 0}, {"_time": 64.521, "_x": -1.25, "_y": -1.25}, {"_time": 64.623, "_x": 0, "_y": 1.25}, {"_time": 64.726, "_x": 1.25, "_y": -1.25}, {"_time": 64.752, "_x": 1.25, "_y": -1.25}, {"_time": 64.777, "_x": 0, "_y": -1.25}, {"_time": 64.803, "_x": 0, "_y": -1.25}, {"_time": 64.829, "_x": -1.25, "_y": -1.25}, {"_time": 64.854, "_x": -1.25, "_y": -1.25}, {"_time": 64.88, "_x": -1.25, "_y": 0}, {"_time": 64.906, "_x": -1.25, "_y": 0}, {"_time": 64.932, "_x": -1.25, "_y": 1.25}, {"_time": 65.034, "_x": 1.25, "_y": 0}, {"_time": 65.137, "_x": -1.25, "_y": -1.25}, {"_time": 65.24, "_x": 0, "_y": 1.25}, {"_time": 65.342, "_x": 1.25, "_y": -1.25}, {"_time": 65.445, "_x": -1.25, "_y": 0}, {"_time": 65.548, "_x": 1.25, "_y": 1.25}, {"_time": 65.574, "_x": 1.25, "_y": 1.25}, {"_time": 65.599, "_x": 1.25, "_y": 0}, {"_time": 65.625, "_x": 1.25, "_y": 0}, {"_time": 65.651, "_x": 1.25, "_y": -1.25}, {"_time": 65.676, "_x": 1.25, "_y": -1.25}, {"_time": 65.702, "_x": 0, "_y": -1.25}, {"_time": 65.728, "_x": 0, "_y": -1.25}, {"_time": 65.753, "_x": -1.25, "_y": -1.25}, {"_time": 65.856, "_x": -1.25, "_y": 1.25}, {"_time": 65.959, "_x": 0, "_y": -1.25}, {"_time": 66.062, "_x": 0, "_y": 1.25}, {"_time": 66.164, "_x": 1.25, "_y": -1.25}, {"_time": 66.267, "_x": -1.25, "_y": 0}, {"_time": 66.37, "_x": 1.25, "_y": 0}, {"_time": 66.473, "_x": -1.25, "_y": 1.25}, {"_time": 66.575, "_x": 0, "_y": -1.25}, {"_time": 66.678, "_x": 1.25, "_y": 1.25}, {"_time": 66.781, "_x": -1.25, "_y": -1.25}, {"_time": 66.832, "_x": 0, "_y": -1.25}, {"_time": 66.884, "_x": 1.25, "_y": -1.25}, {"_time": 66.909, "_x": 1.25, "_y": -1.25}, {"_time": 66.935, "_x": 1.25, "_y": 0}, {"_time": 66.961, "_x": 1.25, "_y": 0}, {"_time": 66.986, "_x": 1.25, "_y": 1.25}, {"_time": 67.012, "_x": 1.25, "_y": 1.25}, {"_time": 67.038, "_x": 0, "_y": 1.25}, {"_time": 67.063, "_x": 0, "_y": 1.25}, {"_time": 67.089, "_x": 0, "_y": 0}, {"_time": 67.115, "_x": 0, "_y": 0}, {"_time": 67.14, "_x": 0, "_y": -1.25}, {"_time": 67.166, "_x": 0, "_y": -1.25}, {"_time": 67.192, "_x": -1.25, "_y": -1.25}, {"_time": 67.217, "_x": -1.25, "_y": -1.25}, {"_time": 67.243, "_x": -1.25, "_y": 0}, {"_time": 67.269, "_x": -1.25, "_y": 0}, {"_time": 67.295, "_x": -1.25, "_y": 1.25}, {"_time": 67.32, "_x": -1.25, "_y": 1.25}, {"_time": 67.346, "_x": 0, "_y": 1.25}, {"_time": 67.372, "_x": 0, "_y": 1.25}, {"_time": 67.397, "_x": 1.25, "_y": 1.25}, {"_time": 67.5, "_x": 0, "_y": -1.25}, {"_time": 67.603, "_x": -1.25, "_y": 1.25}, {"_time": 67.705, "_x": 1.25, "_y": -1.25}, {"_time": 67.808, "_x": 0, "_y": 1.25}, {"_time": 67.911, "_x": -1.25, "_y": -1.25}, {"_time": 68.014, "_x": 1.25, "_y": 0}, {"_time": 68.116, "_x": -1.25, "_y": 1.25}, {"_time": 68.219, "_x": 0, "_y": -1.25}, {"_time": 68.322, "_x": 1.25, "_y": 1.25}, {"_time": 68.425, "_x": -1.25, "_y": -1.25}, {"_time": 68.527, "_x": 1.25, "_y": 0}, {"_time": 68.63, "_x": -1.25, "_y": 1.25}, {"_time": 68.733, "_x": 1.25, "_y": -1.25}, {"_time": 68.836, "_x": -1.25, "_y": 0}, {"_time": 68.887, "_x": 0, "_y": 0}, {"_time": 68.938, "_x": 1.25, "_y": 0}, {"_time": 69.041, "_x": -1.25, "_y": -1.25}, {"_time": 69.144, "_x": 0, "_y": 1.25}, {"_time": 69.247, "_x": 1.25, "_y": -1.25}, {"_time": 69.349, "_x": -1.25, "_y": 0}, {"_time": 69.452, "_x": 1.25, "_y": 1.25}, {"_time": 69.555, "_x": 1.25, "_y": -1.25}, {"_time": 69.658, "_x": 0, "_y": 1.25}, {"_time": 69.76, "_x": 0, "_y": -1.25}, {"_time": 69.863, "_x": -1.25, "_y": 1.25}, {"_time": 69.966, "_x": -1.25, "_y": -1.25}, {"_time": 70.068, "_x": 0, "_y": 1.25}, {"_time": 70.171, "_x": 0, "_y": -1.25}, {"_time": 70.274, "_x": 1.25, "_y": 1.25}, {"_time": 70.325, "_x": 1.25, "_y": 0}, {"_time": 70.377, "_x": 1.25, "_y": -1.25}, {"_time": 70.428, "_x": 0, "_y": -1.25}, {"_time": 70.479, "_x": -1.25, "_y": -1.25}, {"_time": 70.582, "_x": 0, "_y": 1.25}, {"_time": 70.685, "_x": 1.25, "_y": -1.25}, {"_time": 70.788, "_x": -1.25, "_y": 0}, {"_time": 70.89, "_x": 1.25, "_y": 0}, {"_time": 70.993, "_x": -1.25, "_y": 1.25}, {"_time": 71.096, "_x": 0, "_y": -1.25}, {"_time": 71.199, "_x": 1.25, "_y": 1.25}, {"_time": 71.301, "_x": -1.25, "_y": -1.25}, {"_time": 71.404, "_x": 1.25, "_y": 0}, {"_time": 71.507, "_x": -1.25, "_y": 1.25}, {"_time": 71.61, "_x": 0, "_y": -1.25}, {"_time": 71.712, "_x": 1.25, "_y": 1.25}, {"_time": 71.815, "_x": -1.25, "_y": -1.25}, {"_time": 71.918, "_x": 1.25, "_y": 0}, {"_time": 72.021, "_x": -1.25, "_y": 0}, {"_time": 72.123, "_x": 1.25, "_y": 1.25}, {"_time": 72.175, "_x": 1.25, "_y": 0}, {"_time": 72.226, "_x": 1.25, "_y": -1.25}, {"_time": 72.277, "_x": 0, "_y": -1.25}, {"_time": 72.329, "_x": -1.25, "_y": -1.25}, {"_time": 72.432, "_x": -1.25, "_y": 1.25}, {"_time": 72.534, "_x": 0, "_y": -1.25}, {"_time": 72.637, "_x": 0, "_y": 1.25}, {"_time": 72.74, "_x": 1.25, "_y": -1.25}, {"_time": 72.842, "_x": 1.25, "_y": 1.25}, {"_time": 72.945, "_x": 0, "_y": -1.25}, {"_time": 72.997, "_x": 0, "_y": 0}, {"_time": 73.048, "_x": 0, "_y": 1.25}, {"_time": 73.151, "_x": -1.25, "_y": -1.25}, {"_time": 73.253, "_x": -1.25, "_y": 1.25}, {"_time": 73.356, "_x": 1.25, "_y": -1.25}, {"_time": 73.408, "_x": 0, "_y": -1.25}, {"_time": 73.459, "_x": -1.25, "_y": -1.25}, {"_time": 73.562, "_x": -1.25, "_y": 1.25}, {"_time": 73.587, "_x": -1.25, "_y": 1.25}, {"_time": 73.613, "_x": 0, "_y": 1.25}, {"_time": 73.639, "_x": 0, "_y": 1.25}, {"_time": 73.664, "_x": 1.25, "_y": 1.25}, {"_time": 73.69, "_x": 1.25, "_y": 1.25}, {"_time": 73.716, "_x": 1.25, "_y": 0}, {"_time": 73.741, "_x": 1.25, "_y": 0}, {"_time": 73.767, "_x": 0, "_y": 0}, {"_time": 73.793, "_x": 0, "_y": 0}, {"_time": 73.818, "_x": -1.25, "_y": 0}, {"_time": 73.844, "_x": -1.25, "_y": 0}, {"_time": 73.87, "_x": -1.25, "_y": -1.25}, {"_time": 73.896, "_x": -1.25, "_y": -1.25}, {"_time": 73.921, "_x": 0, "_y": -1.25}, {"_time": 73.947, "_x": 0, "_y": -1.25}, {"_time": 73.973, "_x": 1.25, "_y": -1.25}, {"_time": 74.075, "_x": 0, "_y": 1.25}, {"_time": 74.178, "_x": -1.25, "_y": -1.25}, {"_time": 74.281, "_x": 1.25, "_y": 0}, {"_time": 74.384, "_x": -1.25, "_y": 0}, {"_time": 74.486, "_x": 1.25, "_y": -1.25}, {"_time": 74.589, "_x": 0, "_y": 1.25}, {"_time": 74.692, "_x": -1.25, "_y": -1.25}, {"_time": 74.795, "_x": 1.25, "_y": 0}, {"_time": 74.897, "_x": -1.25, "_y": 0}, {"_time": 75, "_x": 1.25, "_y": -1.25}, {"_time": 75.103, "_x": 0, "_y": 1.25}, {"_time": 75.205, "_x": -1.25, "_y": -1.25}, {"_time": 75.308, "_x": 1.25, "_y": 0}, {"_time": 75.411, "_x": -1.25, "_y": 1.25}, {"_time": 75.462, "_x": 0, "_y": 1.25}, {"_time": 75.514, "_x": 1.25, "_y": 1.25}, {"_time": 75.616, "_x": 0, "_y": -1.25}, {"_time": 75.719, "_x": -1.25, "_y": 1.25}, {"_time": 75.822, "_x": 1.25, "_y": -1.25}, {"_time": 75.925, "_x": -1.25, "_y": 0}, {"_time": 76.027, "_x": 1.25, "_y": 1.25}, {"_time": 76.13, "_x": 0, "_y": -1.25}, {"_time": 76.233, "_x": -1.25, "_y": 1.25}, {"_time": 76.336, "_x": 1.25, "_y": -1.25}, {"_time": 76.438, "_x": 0, "_y": 1.25}, {"_time": 76.541, "_x": -1.25, "_y": -1.25}, {"_time": 76.644, "_x": 1.25, "_y": 0}, {"_time": 76.747, "_x": -1.25, "_y": 0}, {"_time": 76.849, "_x": 1.25, "_y": 1.25}, {"_time": 76.901, "_x": 1.25, "_y": 0}, {"_time": 76.952, "_x": 1.25, "_y": -1.25}, {"_time": 77.003, "_x": 0, "_y": -1.25}, {"_time": 77.055, "_x": -1.25, "_y": -1.25}, {"_time": 77.158, "_x": -1.25, "_y": 1.25}, {"_time": 77.26, "_x": 1.25, "_y": 0}, {"_time": 77.363, "_x": -1.25, "_y": 0}, {"_time": 77.466, "_x": 1.25, "_y": -1.25}, {"_time": 77.568, "_x": 0, "_y": 1.25}, {"_time": 77.671, "_x": -1.25, "_y": -1.25}, {"_time": 77.774, "_x": 1.25, "_y": 0}, {"_time": 77.877, "_x": -1.25, "_y": 1.25}, {"_time": 77.902, "_x": -1.25, "_y": 1.25}, {"_time": 77.928, "_x": -1.25, "_y": 0}, {"_time": 77.954, "_x": -1.25, "_y": 0}, {"_time": 77.979, "_x": -1.25, "_y": -1.25}, {"_time": 78.005, "_x": -1.25, "_y": -1.25}, {"_time": 78.031, "_x": 0, "_y": -1.25}, {"_time": 78.057, "_x": 0, "_y": -1.25}, {"_time": 78.082, "_x": 1.25, "_y": -1.25}, {"_time": 78.185, "_x": 1.25, "_y": 1.25}, {"_time": 78.288, "_x": 0, "_y": -1.25}, {"_time": 78.39, "_x": 0, "_y": 1.25}, {"_time": 78.493, "_x": -1.25, "_y": -1.25}, {"_time": 78.596, "_x": 1.25, "_y": 0}, {"_time": 78.699, "_x": -1.25, "_y": 1.25}, {"_time": 78.724, "_x": -1.25, "_y": 1.25}, {"_time": 78.75, "_x": -1.25, "_y": 0}, {"_time": 78.776, "_x": -1.25, "_y": 0}, {"_time": 78.801, "_x": -1.25, "_y": -1.25}, {"_time": 78.827, "_x": -1.25, "_y": -1.25}, {"_time": 78.853, "_x": 0, "_y": -1.25}, {"_time": 78.878, "_x": 0, "_y": -1.25}, {"_time": 78.904, "_x": 1.25, "_y": -1.25}, {"_time": 79.007, "_x": 0, "_y": 1.25}, {"_time": 79.11, "_x": -1.25, "_y": -1.25}, {"_time": 79.135, "_x": -1.25, "_y": -1.25}, {"_time": 79.161, "_x": 0, "_y": -1.25}, {"_time": 79.187, "_x": 0, "_y": -1.25}, {"_time": 79.212, "_x": 1.25, "_y": -1.25}, {"_time": 79.238, "_x": 1.25, "_y": -1.25}, {"_time": 79.264, "_x": 1.25, "_y": 0}, {"_time": 79.289, "_x": 1.25, "_y": 0}, {"_time": 79.315, "_x": 1.25, "_y": 1.25}, {"_time": 79.418, "_x": -1.25, "_y": 0}, {"_time": 79.521, "_x": 1.25, "_y": -1.25}, {"_time": 79.546, "_x": 1.25, "_y": -1.25}, {"_time": 79.572, "_x": 1.25, "_y": 0}, {"_time": 79.598, "_x": 1.25, "_y": 0}, {"_time": 79.623, "_x": 1.25, "_y": 1.25}, {"_time": 79.649, "_x": 1.25, "_y": 1.25}, {"_time": 79.675, "_x": 0, "_y": 1.25}, {"_time": 79.7, "_x": 0, "_y": 1.25}, {"_time": 79.726, "_x": -1.25, "_y": 1.25}, {"_time": 79.829, "_x": 0, "_y": -1.25}, {"_time": 79.932, "_x": 1.25, "_y": 1.25}, {"_time": 80.034, "_x": -1.25, "_y": 0}, {"_time": 80.137, "_x": 1, "_y": -1}, {"_time": 80.163, "_x": 1, "_y": -1}, {"_time": 80.188, "_x": 1, "_y": 0}, {"_time": 80.214, "_x": 1, "_y": 0}, {"_time": 80.24, "_x": 1, "_y": 1}, {"_time": 80.265, "_x": 1, "_y": 1}, {"_time": 80.291, "_x": 0, "_y": 1}, {"_time": 80.317, "_x": 0, "_y": 1}, {"_time": 80.342, "_x": 0, "_y": 0}, {"_time": 80.368, "_x": 0, "_y": 0}, {"_time": 80.394, "_x": 0, "_y": -1}, {"_time": 80.42, "_x": 0, "_y": -1}, {"_time": 80.445, "_x": -1, "_y": -1}, {"_time": 80.471, "_x": -1, "_y": -1}, {"_time": 80.497, "_x": -1, "_y": 0}, {"_time": 80.522, "_x": -1, "_y": 0}, {"_time": 80.548, "_x": -1, "_y": 1}, {"_time": 80.651, "_x": 0, "_y": 1}, {"_time": 80.753, "_x": 1, "_y": 1}, {"_time": 80.856, "_x": 1, "_y": 0}, {"_time": 80.959, "_x": 0, "_y": 0}, {"_time": 81.062, "_x": -1, "_y": 0}, {"_time": 81.164, "_x": -1, "_y": -1}, {"_time": 81.267, "_x": 0, "_y": -1}, {"_time": 81.37, "_x": 1, "_y": -1}, {"_time": 81.473, "_x": 1, "_y": 0}, {"_time": 81.575, "_x": 1, "_y": 1}, {"_time": 81.678, "_x": 0, "_y": 1}, {"_time": 81.781, "_x": -1, "_y": 1}, {"_time": 81.832, "_x": -1, "_y": 0}, {"_time": 81.884, "_x": -1, "_y": -1}, {"_time": 81.935, "_x": 0, "_y": -1}, {"_time": 81.986, "_x": 1, "_y": -1}, {"_time": 82.089, "_x": 0, "_y": 1}, {"_time": 82.192, "_x": -1, "_y": -1}, {"_time": 82.295, "_x": 0, "_y": -1}, {"_time": 82.397, "_x": 1, "_y": -1}, {"_time": 82.5, "_x": 1, "_y": 0}, {"_time": 82.603, "_x": 0, "_y": 0}, {"_time": 82.705, "_x": -1, "_y": 0}, {"_time": 82.808, "_x": -1, "_y": 1}, {"_time": 83.014, "_x": 1, "_y": 1}, {"_time": 83.116, "_x": 1, "_y": 0}, {"_time": 83.219, "_x": 1, "_y": -1}, {"_time": 83.322, "_x": 0, "_y": -1}, {"_time": 83.425, "_x": -1, "_y": -1}, {"_time": 83.476, "_x": -1, "_y": 0}, {"_time": 83.527, "_x": 0, "_y": 0}, {"_time": 83.579, "_x": 1, "_y": 0}, {"_time": 83.63, "_x": 1, "_y": 1}, {"_time": 83.733, "_x": -1, "_y": 0}, {"_time": 83.836, "_x": 1, "_y": -1}, {"_time": 83.938, "_x": 1, "_y": 0}, {"_time": 84.041, "_x": 0, "_y": 0}, {"_time": 84.144, "_x": -1, "_y": 0}, {"_time": 84.247, "_x": -1, "_y": 1}, {"_time": 84.349, "_x": 0, "_y": 1}, {"_time": 84.452, "_x": 1, "_y": 1}, {"_time": 84.555, "_x": 1, "_y": 0}, {"_time": 84.658, "_x": 1, "_y": -1}, {"_time": 84.76, "_x": 0, "_y": -1}, {"_time": 84.863, "_x": -1, "_y": -1}, {"_time": 84.966, "_x": -1, "_y": 0}, {"_time": 85.068, "_x": -1, "_y": 1}, {"_time": 85.171, "_x": 1, "_y": 0}, {"_time": 85.274, "_x": -1, "_y": -1}, {"_time": 85.325, "_x": -1, "_y": 0}, {"_time": 85.377, "_x": -1, "_y": 1}, {"_time": 85.479, "_x": 1, "_y": 1}, {"_time": 85.582, "_x": 1, "_y": 0}, {"_time": 85.685, "_x": -1, "_y": 0}, {"_time": 85.788, "_x": -1, "_y": -1}, {"_time": 85.89, "_x": 1, "_y": -1}, {"_time": 85.993, "_x": 1, "_y": 0}, {"_time": 86.096, "_x": 0, "_y": 0}, {"_time": 86.199, "_x": -1, "_y": 0}, {"_time": 86.301, "_x": -1, "_y": 1}, {"_time": 86.404, "_x": 1, "_y": 1}, {"_time": 86.507, "_x": 1, "_y": 0}, {"_time": 86.61, "_x": -1, "_y": 0}, {"_time": 86.712, "_x": -1, "_y": -1}, {"_time": 86.815, "_x": 1, "_y": -1}, {"_time": 86.918, "_x": 1, "_y": 0}, {"_time": 87.021, "_x": -1, "_y": 1}, {"_time": 87.123, "_x": -1, "_y": -1}, {"_time": 87.226, "_x": 0, "_y": -1}, {"_time": 87.329, "_x": 1, "_y": 0}, {"_time": 87.432, "_x": 0, "_y": 0}, {"_time": 87.534, "_x": -1, "_y": 0}, {"_time": 87.637, "_x": -1, "_y": 1}, {"_time": 87.74, "_x": 0, "_y": 1}, {"_time": 87.842, "_x": 1, "_y": 0}, {"_time": 87.945, "_x": 1, "_y": -1}, {"_time": 88.048, "_x": 0, "_y": 0}, {"_time": 88.151, "_x": 0, "_y": 1}, {"_time": 88.253, "_x": -1, "_y": 0}, {"_time": 88.356, "_x": -1, "_y": -1}, {"_time": 88.459, "_x": 1, "_y": -1}, {"_time": 88.51, "_x": 1, "_y": 0}, {"_time": 88.562, "_x": 1, "_y": 1}, {"_time": 88.613, "_x": 0, "_y": 1}, {"_time": 88.664, "_x": -1, "_y": 1}, {"_time": 88.767, "_x": 0, "_y": -1}, {"_time": 88.87, "_x": 1, "_y": 1}, {"_time": 88.973, "_x": 0, "_y": 1}, {"_time": 89.075, "_x": -1, "_y": -1}, {"_time": 89.178, "_x": 0, "_y": -1}, {"_time": 89.281, "_x": 0, "_y": 1}, {"_time": 89.384, "_x": -1, "_y": 1}, {"_time": 89.486, "_x": 0, "_y": -1}, {"_time": 89.589, "_x": 1, "_y": -1}, {"_time": 89.692, "_x": 1, "_y": 1}, {"_time": 89.795, "_x": 0, "_y": 1}, {"_time": 89.897, "_x": 0, "_y": -1}, {"_time": 90, "_x": -1, "_y": -1}, {"_time": 90.051, "_x": -1, "_y": 0}, {"_time": 90.103, "_x": -1, "_y": 1}, {"_time": 90.154, "_x": 0, "_y": 1}, {"_time": 90.205, "_x": 1, "_y": 1}, {"_time": 90.308, "_x": 0, "_y": -1}, {"_time": 90.411, "_x": -1, "_y": 1}, {"_time": 90.514, "_x": 0, "_y": 1}, {"_time": 90.616, "_x": 1, "_y": 1}, {"_time": 90.719, "_x": 1, "_y": 0}, {"_time": 90.822, "_x": 0, "_y": 0}, {"_time": 90.925, "_x": -1, "_y": 0}, {"_time": 91.027, "_x": -1, "_y": -1}, {"_time": 91.13, "_x": 0, "_y": -1}, {"_time": 91.233, "_x": 1, "_y": -1}, {"_time": 91.336, "_x": 1, "_y": 0}, {"_time": 91.438, "_x": 0, "_y": 0}, {"_time": 91.541, "_x": -1, "_y": 0}, {"_time": 91.644, "_x": -1, "_y": 1}, {"_time": 91.747, "_x": 0, "_y": 1}, {"_time": 91.849, "_x": 1, "_y": 1}, {"_time": 91.901, "_x": 1, "_y": 0}, {"_time": 91.952, "_x": 1, "_y": -1}, {"_time": 92.055, "_x": -1, "_y": 0}, {"_time": 92.158, "_x": 0, "_y": 1}, {"_time": 92.26, "_x": 0, "_y": -1}, {"_time": 92.363, "_x": 1, "_y": 0}, {"_time": 92.466, "_x": -1, "_y": 0}, {"_time": 92.568, "_x": -1, "_y": 1}, {"_time": 92.671, "_x": 1, "_y": 1}, {"_time": 92.774, "_x": 1, "_y": 0}, {"_time": 92.877, "_x": -1, "_y": -1}, {"_time": 92.979, "_x": -1, "_y": 0}, {"_time": 93.082, "_x": 1, "_y": 0}, {"_time": 93.185, "_x": 0, "_y": -1}, {"_time": 93.288, "_x": 0, "_y": 1}, {"_time": 93.39, "_x": -1, "_y": 0}, {"_time": 93.493, "_x": 1, "_y": -1}, {"_time": 93.596, "_x": 1, "_y": 0}, {"_time": 93.699, "_x": -1, "_y": 1}, {"_time": 93.801, "_x": -1, "_y": 0}, {"_time": 93.904, "_x": 0, "_y": -1}, {"_time": 94.007, "_x": 1, "_y": 1}, {"_time": 94.11, "_x": 0, "_y": 1}, {"_time": 94.212, "_x": -1, "_y": 0}, {"_time": 94.315, "_x": 1, "_y": -1}, {"_time": 94.418, "_x": 1, "_y": 0}, {"_time": 94.521, "_x": 0, "_y": 1}, {"_time": 94.623, "_x": -1, "_y": -1}, {"_time": 94.726, "_x": 0, "_y": -1}, {"_time": 94.829, "_x": 1, "_y": -1}, {"_time": 94.932, "_x": 1, "_y": 1}, {"_time": 94.983, "_x": 0, "_y": 1}, {"_time": 95.034, "_x": -1, "_y": 1}, {"_time": 95.086, "_x": -1, "_y": 0}, {"_time": 95.137, "_x": -1, "_y": -1}, {"_time": 95.24, "_x": 1, "_y": 0}, {"_time": 95.342, "_x": -1, "_y": 1}, {"_time": 95.445, "_x": -1, "_y": 0}, {"_time": 95.548, "_x": 1, "_y": -1}, {"_time": 95.651, "_x": 1, "_y": 1}, {"_time": 95.753, "_x": 0, "_y": 1}, {"_time": 95.856, "_x": -1, "_y": -1}, {"_time": 95.959, "_x": 1, "_y": -1}, {"_time": 96.062, "_x": 1, "_y": 0}, {"_time": 96.164, "_x": -1, "_y": 1}, {"_time": 96.267, "_x": -1, "_y": -1}, {"_time": 96.37, "_x": 0, "_y": -1}, {"_time": 96.473, "_x": 1, "_y": 1}, {"_time": 96.575, "_x": -1, "_y": 1}, {"_time": 96.627, "_x": -1, "_y": 0}, {"_time": 96.678, "_x": -1, "_y": -1}, {"_time": 96.729, "_x": 0, "_y": -1}, {"_time": 96.781, "_x": 1, "_y": -1}, {"_time": 96.884, "_x": 0, "_y": 1}, {"_time": 96.986, "_x": -1, "_y": -1}, {"_time": 97.089, "_x": 0, "_y": -1}, {"_time": 97.192, "_x": -1, "_y": 1}, {"_time": 97.295, "_x": -1, "_y": 0}, {"_time": 97.397, "_x": 1, "_y": 1}, {"_time": 97.5, "_x": 0, "_y": 1}, {"_time": 97.603, "_x": 0, "_y": -1}, {"_time": 97.705, "_x": 1, "_y": -1}, {"_time": 97.808, "_x": -1, "_y": 1}, {"_time": 97.911, "_x": -1, "_y": 0}, {"_time": 98.014, "_x": 1, "_y": 1}, {"_time": 98.116, "_x": 0, "_y": 1}, {"_time": 98.219, "_x": -1, "_y": -1}, {"_time": 98.322, "_x": 0, "_y": -1}, {"_time": 98.425, "_x": 1, "_y": 1}, {"_time": 98.476, "_x": 1, "_y": 0}, {"_time": 98.527, "_x": 1, "_y": -1}, {"_time": 98.63, "_x": 0, "_y": 1}, {"_time": 98.733, "_x": -1, "_y": -1}, {"_time": 98.836, "_x": -1, "_y": 1}, {"_time": 98.938, "_x": 0, "_y": -1}, {"_time": 99.041, "_x": 1, "_y": 1}, {"_time": 99.144, "_x": -1, "_y": -1}, {"_time": 99.247, "_x": 0, "_y": 1}, {"_time": 99.349, "_x": 1, "_y": -1}, {"_time": 99.452, "_x": -1, "_y": 1}, {"_time": 99.555, "_x": 0, "_y": -1}, {"_time": 99.658, "_x": 1, "_y": 1}, {"_time": 99.76, "_x": -1, "_y": -1}, {"_time": 99.863, "_x": 0, "_y": 1}, {"_time": 99.966, "_x": 1, "_y": -1}, {"_time": 100.068, "_x": -1, "_y": 1}, {"_time": 100.171, "_x": 0, "_y": -1}, {"_time": 100.274, "_x": 1, "_y": 1}, {"_time": 100.377, "_x": 0, "_y": 1}, {"_time": 100.479, "_x": -1, "_y": 1}, {"_time": 100.582, "_x": -1, "_y": 0}, {"_time": 100.685, "_x": 0, "_y": 0}, {"_time": 100.788, "_x": 1, "_y": 0}, {"_time": 100.89, "_x": 1, "_y": -1}, {"_time": 100.993, "_x": 0, "_y": -1}, {"_time": 101.096, "_x": -1, "_y": -1}, {"_time": 101.199, "_x": -1, "_y": 0}, {"_time": 101.301, "_x": -1, "_y": 1}, {"_time": 101.404, "_x": 0, "_y": 1}, {"_time": 101.507, "_x": 1, "_y": 1}, {"_time": 101.558, "_x": 1, "_y": 0}, {"_time": 101.61, "_x": 1, "_y": -1}, {"_time": 101.661, "_x": 0, "_y": -1}, {"_time": 101.712, "_x": -1, "_y": -1}, {"_time": 101.815, "_x": 0, "_y": 1}, {"_time": 101.918, "_x": 1, "_y": -1}, {"_time": 102.021, "_x": 0, "_y": -1}, {"_time": 102.123, "_x": -1, "_y": -1}, {"_time": 102.226, "_x": -1, "_y": 0}, {"_time": 102.329, "_x": 0, "_y": 0}, {"_time": 102.431, "_x": 1, "_y": 0}, {"_time": 102.534, "_x": 1, "_y": 1}, {"_time": 102.74, "_x": -1, "_y": 1}, {"_time": 102.842, "_x": -1, "_y": 0}, {"_time": 102.945, "_x": -1, "_y": -1}, {"_time": 103.048, "_x": 0, "_y": -1}, {"_time": 103.151, "_x": 1, "_y": -1}, {"_time": 103.202, "_x": 1, "_y": 0}, {"_time": 103.253, "_x": 0, "_y": 0}, {"_time": 103.305, "_x": -1, "_y": 0}, {"_time": 103.356, "_x": -1, "_y": 1}, {"_time": 103.459, "_x": 1, "_y": 0}, {"_time": 103.562, "_x": -1, "_y": -1}, {"_time": 103.664, "_x": -1, "_y": 0}, {"_time": 103.767, "_x": 0, "_y": 0}, {"_time": 103.87, "_x": 1, "_y": 0}, {"_time": 103.973, "_x": 1, "_y": 1}, {"_time": 104.075, "_x": 0, "_y": 1}, {"_time": 104.178, "_x": -1, "_y": 1}, {"_time": 104.281, "_x": -1, "_y": 0}, {"_time": 104.384, "_x": -1, "_y": -1}, {"_time": 104.486, "_x": 0, "_y": -1}, {"_time": 104.589, "_x": 1, "_y": -1}, {"_time": 104.692, "_x": 1, "_y": 0}, {"_time": 104.794, "_x": 1, "_y": 1}, {"_time": 104.897, "_x": -1, "_y": 0}, {"_time": 105, "_x": 1, "_y": -1}, {"_time": 105.051, "_x": 1, "_y": 0}, {"_time": 105.103, "_x": 1, "_y": 1}, {"_time": 105.205, "_x": -1, "_y": 1}, {"_time": 105.308, "_x": -1, "_y": 0}, {"_time": 105.411, "_x": 1, "_y": 0}, {"_time": 105.514, "_x": 1, "_y": -1}, {"_time": 105.616, "_x": -1, "_y": -1}, {"_time": 105.719, "_x": -1, "_y": 0}, {"_time": 105.822, "_x": 0, "_y": 0}, {"_time": 105.925, "_x": 1, "_y": 0}, {"_time": 106.027, "_x": 1, "_y": 1}, {"_time": 106.13, "_x": -1, "_y": 1}, {"_time": 106.233, "_x": -1, "_y": 0}, {"_time": 106.336, "_x": 1, "_y": 0}, {"_time": 106.438, "_x": 1, "_y": -1}, {"_time": 106.541, "_x": -1, "_y": -1}, {"_time": 106.644, "_x": -1, "_y": 0}, {"_time": 106.747, "_x": 1, "_y": 1}, {"_time": 106.849, "_x": 1, "_y": -1}, {"_time": 107.055, "_x": -1, "_y": 0}, {"_time": 107.26, "_x": 1, "_y": 0}, {"_time": 107.466, "_x": -1, "_y": 1}, {"_time": 107.671, "_x": 0, "_y": -1}, {"_time": 107.877, "_x": 1, "_y": 1}, {"_time": 108.082, "_x": -1, "_y": 0}, {"_time": 108.288, "_x": 1, "_y": -1}, {"_time": 108.339, "_x": 1, "_y": 0}, {"_time": 108.39, "_x": 1, "_y": 1}, {"_time": 108.442, "_x": 0, "_y": 1}, {"_time": 108.493, "_x": -1, "_y": 1}, {"_time": 108.699, "_x": -1, "_y": -1}, {"_time": 108.904, "_x": 0, "_y": 1}, {"_time": 109.11, "_x": 0, "_y": -1}, {"_time": 109.315, "_x": 1, "_y": 1}, {"_time": 109.521, "_x": 1, "_y": -1}, {"_time": 109.726, "_x": -1, "_y": 1}, {"_time": 109.932, "_x": 0, "_y": -1}, {"_time": 110.034, "_x": 1, "_y": 1}, {"_time": 110.137, "_x": -1, "_y": -1}, {"_time": 110.342, "_x": 1, "_y": 0}, {"_time": 110.548, "_x": -1, "_y": 1}, {"_time": 110.753, "_x": 0, "_y": -1}, {"_time": 110.959, "_x": 1, "_y": 1}, {"_time": 111.164, "_x": -1, "_y": -1}, {"_time": 111.37, "_x": 1, "_y": 0}, {"_time": 111.575, "_x": -1, "_y": 1}, {"_time": 111.627, "_x": -1, "_y": 0}, {"_time": 111.678, "_x": -1, "_y": -1}, {"_time": 111.729, "_x": 0, "_y": -1}, {"_time": 111.781, "_x": 1, "_y": -1}, {"_time": 111.986, "_x": 0, "_y": 1}, {"_time": 112.192, "_x": -1, "_y": -1}, {"_time": 112.397, "_x": 1, "_y": 0}, {"_time": 112.5, "_x": -1, "_y": 0}, {"_time": 112.603, "_x": 1, "_y": -1}, {"_time": 112.808, "_x": -1, "_y": 1}, {"_time": 112.86, "_x": -1, "_y": 0}, {"_time": 112.911, "_x": -1, "_y": -1}, {"_time": 113.014, "_x": 1, "_y": -1}, {"_time": 113.039, "_x": 1, "_y": -1}, {"_time": 113.065, "_x": 1, "_y": 0}, {"_time": 113.091, "_x": 1, "_y": 0}, {"_time": 113.116, "_x": 1, "_y": 1}, {"_time": 113.142, "_x": 1, "_y": 1}, {"_time": 113.168, "_x": 0, "_y": 1}, {"_time": 113.193, "_x": 0, "_y": 1}, {"_time": 113.219, "_x": 0, "_y": 0}, {"_time": 113.245, "_x": 0, "_y": 0}, {"_time": 113.271, "_x": 0, "_y": -1}, {"_time": 113.296, "_x": 0, "_y": -1}, {"_time": 113.322, "_x": -1, "_y": -1}, {"_time": 113.348, "_x": -1, "_y": -1}, {"_time": 113.373, "_x": -1, "_y": 0}, {"_time": 113.399, "_x": -1, "_y": 0}, {"_time": 113.425, "_x": -1, "_y": 1}, {"_time": 113.63, "_x": 1, "_y": 0}, {"_time": 113.836, "_x": -1, "_y": 0}, {"_time": 114.041, "_x": 1, "_y": -1}, {"_time": 114.247, "_x": 0, "_y": 1}, {"_time": 114.452, "_x": -1, "_y": -1}, {"_time": 114.658, "_x": 1, "_y": 0}, {"_time": 114.863, "_x": -1, "_y": 1}, {"_time": 114.914, "_x": -1, "_y": 0}, {"_time": 114.966, "_x": -1, "_y": -1}, {"_time": 115.017, "_x": 0, "_y": -1}, {"_time": 115.068, "_x": 1, "_y": -1}, {"_time": 115.274, "_x": -1, "_y": 1}, {"_time": 115.479, "_x": 0, "_y": -1}, {"_time": 115.685, "_x": 0, "_y": 1}, {"_time": 115.89, "_x": -1, "_y": -1}, {"_time": 116.096, "_x": 1, "_y": 1}, {"_time": 116.301, "_x": -1, "_y": 0}, {"_time": 116.507, "_x": 1, "_y": -1}, {"_time": 116.61, "_x": 0, "_y": 1}, {"_time": 116.712, "_x": -1, "_y": -1}, {"_time": 116.918, "_x": 1, "_y": 0}, {"_time": 117.123, "_x": -1, "_y": 1}, {"_time": 117.226, "_x": 0, "_y": -1}, {"_time": 117.329, "_x": 1, "_y": 1}, {"_time": 117.354, "_x": 1, "_y": 1}, {"_time": 117.38, "_x": 0, "_y": 1}, {"_time": 117.406, "_x": 0, "_y": 1}, {"_time": 117.432, "_x": -1, "_y": 1}, {"_time": 117.457, "_x": -1, "_y": 1}, {"_time": 117.483, "_x": -1, "_y": 0}, {"_time": 117.509, "_x": -1, "_y": 0}, {"_time": 117.534, "_x": -1, "_y": -1}, {"_time": 117.74, "_x": 1, "_y": 0}, {"_time": 117.945, "_x": -1, "_y": 1}, {"_time": 118.048, "_x": 0, "_y": -1}, {"_time": 118.151, "_x": 1, "_y": 1}, {"_time": 118.176, "_x": 1, "_y": 1}, {"_time": 118.202, "_x": 0, "_y": 1}, {"_time": 118.228, "_x": 0, "_y": 1}, {"_time": 118.253, "_x": -1, "_y": 1}, {"_time": 118.279, "_x": -1, "_y": 1}, {"_time": 118.305, "_x": -1, "_y": 0}, {"_time": 118.33, "_x": -1, "_y": 0}, {"_time": 118.356, "_x": -1, "_y": -1}, {"_time": 118.562, "_x": 1, "_y": 0}, {"_time": 118.767, "_x": -1, "_y": 1}, {"_time": 118.973, "_x": 0, "_y": -1}, {"_time": 119.075, "_x": 1, "_y": 1}, {"_time": 119.178, "_x": -1, "_y": -1}, {"_time": 119.281, "_x": 1, "_y": 0}, {"_time": 119.384, "_x": -1, "_y": 1}, {"_time": 119.435, "_x": -1, "_y": 0}, {"_time": 119.486, "_x": -1, "_y": -1}, {"_time": 119.589, "_x": 1, "_y": -1}, {"_time": 119.615, "_x": 1, "_y": -1}, {"_time": 119.64, "_x": 1, "_y": 0}, {"_time": 119.666, "_x": 1, "_y": 0}, {"_time": 119.692, "_x": 1, "_y": 1}, {"_time": 119.717, "_x": 1, "_y": 1}, {"_time": 119.743, "_x": 0, "_y": 1}, {"_time": 119.769, "_x": 0, "_y": 1}, {"_time": 119.795, "_x": 0, "_y": 0}, {"_time": 119.82, "_x": 0, "_y": 0}, {"_time": 119.846, "_x": 0, "_y": -1}, {"_time": 119.872, "_x": 0, "_y": -1}, {"_time": 119.897, "_x": -1, "_y": -1}, {"_time": 119.923, "_x": -1, "_y": -1}, {"_time": 119.949, "_x": -1, "_y": 0}, {"_time": 119.974, "_x": -1, "_y": 0}, {"_time": 120, "_x": -1, "_y": 1}, {"_time": 120.103, "_x": 1, "_y": -1}, {"_time": 120.205, "_x": 0, "_y": 1}, {"_time": 120.308, "_x": 0, "_y": -1}, {"_time": 120.411, "_x": 1, "_y": 1}, {"_time": 120.514, "_x": -1, "_y": -1}, {"_time": 120.616, "_x": 1, "_y": 0}, {"_time": 120.719, "_x": -1, "_y": 0}, {"_time": 120.822, "_x": 1, "_y": -1}, {"_time": 120.925, "_x": -1, "_y": 1}, {"_time": 121.027, "_x": 0, "_y": -1}, {"_time": 121.13, "_x": 0, "_y": 1}, {"_time": 121.233, "_x": -1, "_y": -1}, {"_time": 121.336, "_x": 1, "_y": 1}, {"_time": 121.438, "_x": -1, "_y": 1}, {"_time": 121.49, "_x": -1, "_y": 0}, {"_time": 121.541, "_x": -1, "_y": -1}, {"_time": 121.592, "_x": 0, "_y": -1}, {"_time": 121.644, "_x": 1, "_y": -1}, {"_time": 121.747, "_x": 0, "_y": 1}, {"_time": 121.849, "_x": -1, "_y": -1}, {"_time": 121.952, "_x": 1, "_y": 0}, {"_time": 122.055, "_x": -1, "_y": 1}, {"_time": 122.158, "_x": 0, "_y": -1}, {"_time": 122.26, "_x": 1, "_y": 1}, {"_time": 122.363, "_x": -1, "_y": 0}, {"_time": 122.466, "_x": 1, "_y": -1}, {"_time": 122.568, "_x": 0, "_y": 1}, {"_time": 122.671, "_x": -1, "_y": -1}, {"_time": 122.774, "_x": 1, "_y": 0}, {"_time": 122.877, "_x": -1, "_y": 1}, {"_time": 122.979, "_x": 0, "_y": -1}, {"_time": 123.082, "_x": 1, "_y": 1}, {"_time": 123.108, "_x": 1, "_y": 1}, {"_time": 123.134, "_x": 1, "_y": 0}, {"_time": 123.159, "_x": 1, "_y": 0}, {"_time": 123.185, "_x": 1, "_y": -1}, {"_time": 123.211, "_x": 1, "_y": -1}, {"_time": 123.236, "_x": 0, "_y": -1}, {"_time": 123.262, "_x": 0, "_y": -1}, {"_time": 123.288, "_x": -1, "_y": -1}, {"_time": 123.39, "_x": -1, "_y": 1}, {"_time": 123.493, "_x": 0, "_y": -1}, {"_time": 123.596, "_x": 0, "_y": 1}, {"_time": 123.699, "_x": 1, "_y": -1}, {"_time": 123.801, "_x": 1, "_y": 1}, {"_time": 123.904, "_x": 0, "_y": -1}, {"_time": 124.007, "_x": 0, "_y": 1}, {"_time": 124.11, "_x": -1, "_y": -1}, {"_time": 124.212, "_x": -1, "_y": 1}, {"_time": 124.315, "_x": 0, "_y": -1}, {"_time": 124.418, "_x": 0, "_y": 1}, {"_time": 124.521, "_x": 1, "_y": -1}, {"_time": 124.623, "_x": -1, "_y": 0}, {"_time": 124.726, "_x": 1, "_y": 1}, {"_time": 124.777, "_x": 1, "_y": 0}, {"_time": 124.829, "_x": 1, "_y": -1}, {"_time": 124.88, "_x": 0, "_y": -1}, {"_time": 124.932, "_x": -1, "_y": -1}, {"_time": 125.034, "_x": 1, "_y": 1}, {"_time": 125.137, "_x": 0, "_y": -1}, {"_time": 125.24, "_x": 0, "_y": 1}, {"_time": 125.342, "_x": 1, "_y": -1}, {"_time": 125.445, "_x": -1, "_y": 0}, {"_time": 125.548, "_x": 1, "_y": 1}, {"_time": 125.599, "_x": 1, "_y": 0}, {"_time": 125.651, "_x": 1, "_y": -1}, {"_time": 125.702, "_x": 0, "_y": -1}, {"_time": 125.753, "_x": -1, "_y": -1}, {"_time": 125.856, "_x": 0, "_y": 1}, {"_time": 125.959, "_x": 1, "_y": -1}, {"_time": 126.062, "_x": -1, "_y": 0}, {"_time": 126.164, "_x": 1, "_y": 1}, {"_time": 126.19, "_x": 1, "_y": 1}, {"_time": 126.216, "_x": 1, "_y": 0}, {"_time": 126.241, "_x": 1, "_y": 0}, {"_time": 126.267, "_x": 1, "_y": -1}, {"_time": 126.293, "_x": 1, "_y": -1}, {"_time": 126.318, "_x": 0, "_y": -1}, {"_time": 126.344, "_x": 0, "_y": -1}, {"_time": 126.37, "_x": 0, "_y": 0}, {"_time": 126.396, "_x": 0, "_y": 0}, {"_time": 126.421, "_x": 0, "_y": 1}, {"_time": 126.447, "_x": 0, "_y": 1}, {"_time": 126.473, "_x": -1, "_y": 1}, {"_time": 126.498, "_x": -1, "_y": 1}, {"_time": 126.524, "_x": -1, "_y": 0}, {"_time": 126.55, "_x": -1, "_y": 0}, {"_time": 126.575, "_x": -1, "_y": -1}, {"_time": 126.678, "_x": 1, "_y": 0}, {"_time": 126.781, "_x": -1, "_y": 1}, {"_time": 126.884, "_x": 0, "_y": -1}, {"_time": 126.986, "_x": 0, "_y": 1}, {"_time": 127.089, "_x": -1, "_y": -1}, {"_time": 127.192, "_x": 1, "_y": 0}, {"_time": 127.295, "_x": -1, "_y": 1}, {"_time": 127.397, "_x": 1, "_y": -1}, {"_time": 127.5, "_x": 0, "_y": 1}, {"_time": 127.603, "_x": -1, "_y": -1}, {"_time": 127.705, "_x": 1, "_y": 0}, {"_time": 127.808, "_x": -1, "_y": 1}, {"_time": 127.911, "_x": 0, "_y": -1}, {"_time": 128.014, "_x": 1, "_y": 1}, {"_time": 128.065, "_x": 0, "_y": 1}, {"_time": 128.116, "_x": -1, "_y": 1}, {"_time": 128.168, "_x": -1, "_y": 0}, {"_time": 128.219, "_x": -1, "_y": -1}, {"_time": 128.322, "_x": 1, "_y": -1}, {"_time": 128.425, "_x": -1, "_y": 0}, {"_time": 128.527, "_x": 1, "_y": 0}, {"_time": 128.63, "_x": -1, "_y": 1}, {"_time": 128.733, "_x": 1, "_y": 1}, {"_time": 128.836, "_x": -1, "_y": 0}, {"_time": 128.938, "_x": 1, "_y": 0}, {"_time": 129.041, "_x": -1, "_y": -1}, {"_time": 129.144, "_x": 1, "_y": -1}, {"_time": 129.247, "_x": -1, "_y": 0}, {"_time": 129.349, "_x": 1, "_y": 0}, {"_time": 129.452, "_x": -1, "_y": 1}, {"_time": 129.555, "_x": 1, "_y": 1}, {"_time": 129.658, "_x": -1, "_y": 0}, {"_time": 129.683, "_x": -1, "_y": 0}, {"_time": 129.709, "_x": 0, "_y": 0}, {"_time": 129.735, "_x": 0, "_y": 0}, {"_time": 129.76, "_x": 1, "_y": 0}, {"_time": 129.863, "_x": -1, "_y": -1}, {"_time": 129.914, "_x": -1, "_y": 0}, {"_time": 129.966, "_x": -1, "_y": 1}, {"_time": 130.017, "_x": 0, "_y": 1}, {"_time": 130.068, "_x": 0, "_y": 0}, {"_time": 130.12, "_x": 0, "_y": -1}, {"_time": 130.171, "_x": 1, "_y": -1}, {"_time": 130.223, "_x": 1, "_y": 0}, {"_time": 130.274, "_x": 1, "_y": 1}, {"_time": 130.325, "_x": 0, "_y": 1}, {"_time": 130.377, "_x": -1, "_y": 1}, {"_time": 130.428, "_x": -1, "_y": 0}, {"_time": 130.479, "_x": 0, "_y": 0}, {"_time": 130.531, "_x": 1, "_y": 0}, {"_time": 130.582, "_x": 1, "_y": -1}, {"_time": 130.634, "_x": 0, "_y": -1}, {"_time": 130.685, "_x": -1, "_y": -1}, {"_time": 130.736, "_x": -1, "_y": 0}, {"_time": 130.788, "_x": 0, "_y": 0}, {"_time": 130.839, "_x": 1, "_y": 0}, {"_time": 130.89, "_x": 1, "_y": 1}, {"_time": 130.942, "_x": 0, "_y": 1}, {"_time": 130.993, "_x": 0, "_y": 0}, {"_time": 131.045, "_x": 0, "_y": -1}, {"_time": 131.096, "_x": -1, "_y": -1}, {"_time": 131.147, "_x": -1, "_y": 0}, {"_time": 131.199, "_x": -1, "_y": 1}, {"_time": 131.25, "_x": 0, "_y": 1}, {"_time": 131.301, "_x": 0, "_y": 0}, {"_time": 131.353, "_x": 0, "_y": -1}, {"_time": 131.404, "_x": 1, "_y": -1}, {"_time": 131.455, "_x": 1, "_y": 0}, {"_time": 131.507, "_x": 0, "_y": 0}, {"_time": 131.558, "_x": -1, "_y": 0}, {"_time": 131.584, "_x": -1, "_y": 0}, {"_time": 131.61, "_x": -1, "_y": 1}, {"_time": 131.635, "_x": -1, "_y": 1}, {"_time": 131.661, "_x": 0, "_y": 1}, {"_time": 131.687, "_x": 0, "_y": 1}, {"_time": 131.712, "_x": 1, "_y": 1}, {"_time": 131.738, "_x": 1, "_y": 1}, {"_time": 131.764, "_x": 1, "_y": 0}, {"_time": 131.789, "_x": 1, "_y": 0}, {"_time": 131.815, "_x": 1, "_y": -1}, {"_time": 131.841, "_x": 1, "_y": -1}, {"_time": 131.866, "_x": 0, "_y": -1}, {"_time": 131.892, "_x": 0, "_y": -1}, {"_time": 131.918, "_x": -1, "_y": -1}, {"_time": 131.943, "_x": -1, "_y": -1}, {"_time": 131.969, "_x": -1, "_y": 0}, {"_time": 131.995, "_x": -1, "_y": 0}, {"_time": 132.021, "_x": -1, "_y": 1}, {"_time": 132.046, "_x": -1, "_y": 1}, {"_time": 132.072, "_x": 0, "_y": 1}, {"_time": 132.098, "_x": 0, "_y": 1}, {"_time": 132.123, "_x": 0, "_y": 0}, {"_time": 132.149, "_x": 0, "_y": 0}, {"_time": 132.175, "_x": 0, "_y": -1}, {"_time": 132.2, "_x": 0, "_y": -1}, {"_time": 132.226, "_x": 1, "_y": -1}, {"_time": 132.252, "_x": 1, "_y": -1}, {"_time": 132.277, "_x": 1, "_y": 0}, {"_time": 132.303, "_x": 1, "_y": 0}, {"_time": 132.329, "_x": 0, "_y": 0}, {"_time": 132.354, "_x": 0, "_y": 0}, {"_time": 132.38, "_x": -1, "_y": 0}, {"_time": 132.406, "_x": -1, "_y": 0}, {"_time": 132.432, "_x": -1, "_y": 1}, {"_time": 132.457, "_x": -1, "_y": 1}, {"_time": 132.483, "_x": 0, "_y": 1}, {"_time": 132.509, "_x": 0, "_y": 1}, {"_time": 132.534, "_x": 1, "_y": 1}, {"_time": 132.56, "_x": 1, "_y": 1}, {"_time": 132.586, "_x": 1, "_y": 0}, {"_time": 132.611, "_x": 1, "_y": 0}, {"_time": 132.637, "_x": 0, "_y": 0}, {"_time": 132.663, "_x": 0, "_y": 0}, {"_time": 132.688, "_x": -1, "_y": 0}, {"_time": 132.714, "_x": -1, "_y": 0}, {"_time": 132.74, "_x": -1, "_y": -1}, {"_time": 132.791, "_x": 0, "_y": -1}, {"_time": 132.842, "_x": 0, "_y": 0}, {"_time": 132.894, "_x": 0, "_y": 1}, {"_time": 132.945, "_x": -1, "_y": 1}, {"_time": 132.997, "_x": -1, "_y": 0}, {"_time": 133.048, "_x": 0, "_y": 0}, {"_time": 133.099, "_x": 1, "_y": 0}, {"_time": 133.151, "_x": 1, "_y": -1}, {"_time": 134.795, "_x": -1, "_y": -1}, {"_time": 134.846, "_x": -1, "_y": 0}, {"_time": 136.438, "_x": -1, "_y": 1}, {"_time": 136.49, "_x": 0, "_y": 1}, {"_time": 138.082, "_x": 1, "_y": 1}, {"_time": 138.134, "_x": 1, "_y": 0}, {"_time": 139.726, "_x": 1, "_y": -1}, {"_time": 139.777, "_x": 0, "_y": -1}, {"_time": 141.37, "_x": -1, "_y": -1}, {"_time": 141.421, "_x": -1, "_y": 0}, {"_time": 143.014, "_x": -1, "_y": 1}, {"_time": 143.065, "_x": 0, "_y": 1}, {"_time": 144.658, "_x": 1, "_y": 1}, {"_time": 144.709, "_x": 1, "_y": 0}, {"_time": 146.301, "_x": 1, "_y": -1}, {"_time": 147.123, "_x": 0, "_y": -1}, {"_time": 147.945, "_x": -1, "_y": -1}, {"_time": 149.178, "_x": 1, "_y": 0}, {"_time": 149.589, "_x": -1, "_y": 1}, {"_time": 150.411, "_x": 0, "_y": 1}, {"_time": 151.233, "_x": 1, "_y": 1}, {"_time": 152.055, "_x": 1, "_y": 0}, {"_time": 152.877, "_x": -1, "_y": -1}, {"_time": 153.801, "_x": 0, "_y": -1}, {"_time": 154.726, "_x": 1, "_y": -1}, {"_time": 156.267, "_x": -1, "_y": 0}, {"_time": 156.986, "_x": 1, "_y": 1}, {"_time": 157.192, "_x": 1, "_y": 0}, {"_time": 157.295, "_x": 1, "_y": -1}, {"_time": 157.397, "_x": 0, "_y": -1}, {"_time": 157.603, "_x": -1, "_y": 1}]}