{"_approachDistance": 50, "_approachTime": 1, "_name": "Sound Space", "_notes": [{"_time": 1.758, "_x": 1, "_y": 1}, {"_time": 1.992, "_x": 0, "_y": 1}, {"_time": 2.227, "_x": -1, "_y": 0}, {"_time": 2.461, "_x": 1, "_y": 0}, {"_time": 2.695, "_x": -1, "_y": -1}, {"_time": 2.812, "_x": -1, "_y": 0}, {"_time": 3.164, "_x": 1, "_y": 1}, {"_time": 3.633, "_x": 1, "_y": 0}, {"_time": 4.102, "_x": -1, "_y": 0}, {"_time": 4.336, "_x": -1, "_y": -1}, {"_time": 4.688, "_x": 0, "_y": -1}, {"_time": 5.039, "_x": 1, "_y": 0}, {"_time": 5.977, "_x": -1, "_y": 0}, {"_time": 6.211, "_x": 0, "_y": 1}, {"_time": 6.562, "_x": 1, "_y": 0}, {"_time": 6.914, "_x": -1, "_y": -1}, {"_time": 7.383, "_x": -1, "_y": 0}, {"_time": 7.852, "_x": -1, "_y": 1}, {"_time": 8.086, "_x": 1, "_y": 1}, {"_time": 8.438, "_x": 0, "_y": 0}, {"_time": 9.023, "_x": -1, "_y": -1}, {"_time": 9.258, "_x": 0, "_y": -1}, {"_time": 9.492, "_x": 0, "_y": 0}, {"_time": 9.727, "_x": 1, "_y": 1}, {"_time": 9.961, "_x": -1, "_y": -1}, {"_time": 10.195, "_x": 0, "_y": 1}, {"_time": 10.312, "_x": 1, "_y": 0}, {"_time": 10.664, "_x": -1, "_y": 0}, {"_time": 11.133, "_x": 1, "_y": -1}, {"_time": 11.602, "_x": 0, "_y": 1}, {"_time": 11.836, "_x": -1, "_y": 1}, {"_time": 12.188, "_x": -1, "_y": -1}, {"_time": 12.539, "_x": 1, "_y": 0}, {"_time": 12.773, "_x": -1, "_y": 0}, {"_time": 13.125, "_x": 1, "_y": 1}, {"_time": 13.477, "_x": 0, "_y": -1}, {"_time": 13.711, "_x": -1, "_y": 0}, {"_time": 13.945, "_x": 1, "_y": 0}, {"_time": 14.062, "_x": 1, "_y": -1}, {"_time": 14.414, "_x": -1, "_y": -1}, {"_time": 14.883, "_x": 0, "_y": 1}, {"_time": 15.352, "_x": 1, "_y": -1}, {"_time": 15.586, "_x": 0, "_y": -1}, {"_time": 15.938, "_x": -1, "_y": 0}, {"_time": 16.992, "_x": 1, "_y": 0}, {"_time": 17.461, "_x": -1, "_y": 1}, {"_time": 17.93, "_x": -1, "_y": -1}, {"_time": 18.399, "_x": 1, "_y": 1}, {"_time": 18.867, "_x": 1, "_y": -1}, {"_time": 19.336, "_x": -1, "_y": 1}, {"_time": 19.805, "_x": 1, "_y": 1}, {"_time": 20.274, "_x": -1, "_y": -1}, {"_time": 20.742, "_x": 1, "_y": -1}, {"_time": 21.211, "_x": -1, "_y": 0}, {"_time": 21.68, "_x": 1, "_y": 1}, {"_time": 22.149, "_x": 0, "_y": -1}, {"_time": 22.617, "_x": -1, "_y": 1}, {"_time": 23.086, "_x": 1, "_y": -1}, {"_time": 23.555, "_x": 0, "_y": 1}, {"_time": 24.024, "_x": 0, "_y": -1}, {"_time": 24.492, "_x": -1, "_y": 1}, {"_time": 24.961, "_x": 1, "_y": -1}, {"_time": 25.196, "_x": 1, "_y": 0}, {"_time": 25.43, "_x": 0, "_y": 1}, {"_time": 25.664, "_x": -1, "_y": -1}, {"_time": 25.899, "_x": 0, "_y": -1}, {"_time": 26.133, "_x": 1, "_y": 0}, {"_time": 26.367, "_x": -1, "_y": 1}, {"_time": 26.602, "_x": -1, "_y": 0}, {"_time": 26.836, "_x": 0, "_y": -1}, {"_time": 27.07, "_x": 1, "_y": 1}, {"_time": 27.305, "_x": 0, "_y": 1}, {"_time": 27.539, "_x": -1, "_y": 0}, {"_time": 27.774, "_x": 1, "_y": -1}, {"_time": 28.008, "_x": 1, "_y": 0}, {"_time": 28.242, "_x": 0, "_y": 1}, {"_time": 28.477, "_x": -1, "_y": -1}, {"_time": 28.711, "_x": 1, "_y": -1}, {"_time": 28.828, "_x": 1, "_y": 0}, {"_time": 28.946, "_x": -1, "_y": 1}, {"_time": 29.063, "_x": -1, "_y": 0}, {"_time": 29.18, "_x": 1, "_y": 0}, {"_time": 29.297, "_x": 1, "_y": 1}, {"_time": 29.414, "_x": -1, "_y": 0}, {"_time": 29.531, "_x": -1, "_y": -1}, {"_time": 29.649, "_x": 1, "_y": -1}, {"_time": 29.766, "_x": 1, "_y": 0}, {"_time": 29.883, "_x": -1, "_y": 1}, {"_time": 30, "_x": -1, "_y": 0}, {"_time": 30.117, "_x": 1, "_y": 0}, {"_time": 30.235, "_x": 1, "_y": 1}, {"_time": 30.352, "_x": -1, "_y": 0}, {"_time": 30.586, "_x": 1, "_y": -1}, {"_time": 31.055, "_x": 1, "_y": 1}, {"_time": 31.289, "_x": 0, "_y": 1}, {"_time": 31.524, "_x": -1, "_y": -1}, {"_time": 31.992, "_x": 1, "_y": 0}, {"_time": 32.461, "_x": -1, "_y": 1}, {"_time": 32.578, "_x": 0, "_y": -1}, {"_time": 32.696, "_x": 1, "_y": 1}, {"_time": 32.813, "_x": -1, "_y": -1}, {"_time": 32.93, "_x": 1, "_y": 0}, {"_time": 33.047, "_x": -1, "_y": 1}, {"_time": 33.106, "_x": -1, "_y": 0}, {"_time": 33.164, "_x": -1, "_y": -1}, {"_time": 33.281, "_x": 1, "_y": 0}, {"_time": 33.399, "_x": -1, "_y": 0}, {"_time": 33.516, "_x": 1, "_y": -1}, {"_time": 33.633, "_x": 0, "_y": 1}, {"_time": 33.75, "_x": -1, "_y": -1}, {"_time": 33.809, "_x": 0, "_y": -1}, {"_time": 33.867, "_x": 1, "_y": 0}, {"_time": 33.985, "_x": -1, "_y": 0}, {"_time": 34.102, "_x": 1, "_y": 1}, {"_time": 34.16, "_x": 1, "_y": 0}, {"_time": 34.219, "_x": 1, "_y": -1}, {"_time": 34.278, "_x": 0, "_y": -1}, {"_time": 34.336, "_x": -1, "_y": -1}, {"_time": 34.453, "_x": 0, "_y": 1}, {"_time": 34.57, "_x": 1, "_y": -1}, {"_time": 34.688, "_x": -1, "_y": 0}, {"_time": 34.805, "_x": 1, "_y": 0}, {"_time": 34.922, "_x": -1, "_y": 1}, {"_time": 34.981, "_x": -1, "_y": 0}, {"_time": 35.039, "_x": 0, "_y": -1}, {"_time": 35.156, "_x": 1, "_y": 1}, {"_time": 35.274, "_x": -1, "_y": -1}, {"_time": 35.391, "_x": 1, "_y": 0}, {"_time": 35.508, "_x": -1, "_y": 0}, {"_time": 35.625, "_x": 1, "_y": -1}, {"_time": 35.684, "_x": 1, "_y": 0}, {"_time": 35.742, "_x": 0, "_y": 1}, {"_time": 35.86, "_x": -1, "_y": -1}, {"_time": 35.977, "_x": 1, "_y": -1}, {"_time": 36.006, "_x": 1, "_y": -1}, {"_time": 36.035, "_x": 1, "_y": 0}, {"_time": 36.065, "_x": 1, "_y": 0}, {"_time": 36.094, "_x": 1, "_y": 1}, {"_time": 36.123, "_x": 1, "_y": 1}, {"_time": 36.153, "_x": 0, "_y": 1}, {"_time": 36.182, "_x": 0, "_y": 1}, {"_time": 36.211, "_x": -1, "_y": 1}, {"_time": 36.328, "_x": 0, "_y": -1}, {"_time": 36.446, "_x": 1, "_y": 1}, {"_time": 36.563, "_x": -1, "_y": -1}, {"_time": 36.68, "_x": 1, "_y": 0}, {"_time": 36.797, "_x": -1, "_y": 1}, {"_time": 36.856, "_x": -1, "_y": 0}, {"_time": 36.914, "_x": -1, "_y": -1}, {"_time": 37.031, "_x": 1, "_y": 0}, {"_time": 37.149, "_x": -1, "_y": 0}, {"_time": 37.266, "_x": 1, "_y": -1}, {"_time": 37.383, "_x": 0, "_y": 1}, {"_time": 37.5, "_x": -1, "_y": -1}, {"_time": 37.559, "_x": 0, "_y": -1}, {"_time": 37.617, "_x": 1, "_y": 0}, {"_time": 37.735, "_x": -1, "_y": 1}, {"_time": 37.852, "_x": 0, "_y": -1}, {"_time": 37.969, "_x": 1, "_y": 1}, {"_time": 38.028, "_x": 0, "_y": 1}, {"_time": 38.086, "_x": -1, "_y": 1}, {"_time": 38.203, "_x": 0, "_y": -1}, {"_time": 38.32, "_x": 1, "_y": 1}, {"_time": 38.438, "_x": -1, "_y": -1}, {"_time": 38.555, "_x": 1, "_y": 0}, {"_time": 38.672, "_x": -1, "_y": 1}, {"_time": 38.731, "_x": -1, "_y": 0}, {"_time": 38.789, "_x": 0, "_y": -1}, {"_time": 38.906, "_x": 1, "_y": 1}, {"_time": 39.024, "_x": -1, "_y": 0}, {"_time": 39.141, "_x": 1, "_y": -1}, {"_time": 39.199, "_x": 1, "_y": 1}, {"_time": 39.258, "_x": -1, "_y": 1}, {"_time": 39.317, "_x": -1, "_y": -1}, {"_time": 39.375, "_x": 1, "_y": -1}, {"_time": 39.434, "_x": 1, "_y": 1}, {"_time": 39.463, "_x": 1, "_y": 1}, {"_time": 39.492, "_x": -1, "_y": 1}, {"_time": 39.522, "_x": -1, "_y": 1}, {"_time": 39.551, "_x": -1, "_y": -1}, {"_time": 39.58, "_x": -1, "_y": -1}, {"_time": 39.61, "_x": 1, "_y": -1}, {"_time": 39.668, "_x": 1, "_y": 1}, {"_time": 39.697, "_x": 1, "_y": 1}, {"_time": 39.727, "_x": -1, "_y": 1}, {"_time": 39.756, "_x": -1, "_y": 1}, {"_time": 39.785, "_x": -1, "_y": 0}, {"_time": 39.815, "_x": -1, "_y": 0}, {"_time": 39.844, "_x": -1, "_y": -1}, {"_time": 39.873, "_x": -1, "_y": -1}, {"_time": 39.903, "_x": 0, "_y": -1}, {"_time": 39.932, "_x": 0, "_y": -1}, {"_time": 39.961, "_x": 1, "_y": -1}, {"_time": 40.078, "_x": 0, "_y": 1}, {"_time": 40.196, "_x": -1, "_y": -1}, {"_time": 40.313, "_x": 1, "_y": 1}, {"_time": 40.43, "_x": -1, "_y": 0}, {"_time": 40.547, "_x": 1, "_y": -1}, {"_time": 40.606, "_x": 1, "_y": 0}, {"_time": 40.664, "_x": 1, "_y": 1}, {"_time": 40.781, "_x": -1, "_y": 0}, {"_time": 40.899, "_x": 1, "_y": 0}, {"_time": 41.016, "_x": -1, "_y": 1}, {"_time": 41.133, "_x": 0, "_y": -1}, {"_time": 41.25, "_x": 1, "_y": 1}, {"_time": 41.309, "_x": 0, "_y": 1}, {"_time": 41.367, "_x": -1, "_y": 0}, {"_time": 41.485, "_x": 1, "_y": 0}, {"_time": 41.602, "_x": -1, "_y": -1}, {"_time": 41.66, "_x": -1, "_y": 0}, {"_time": 41.719, "_x": -1, "_y": 1}, {"_time": 41.778, "_x": 0, "_y": 1}, {"_time": 41.836, "_x": 1, "_y": 1}, {"_time": 41.953, "_x": 0, "_y": -1}, {"_time": 42.07, "_x": -1, "_y": 1}, {"_time": 42.188, "_x": 1, "_y": 0}, {"_time": 42.305, "_x": -1, "_y": 0}, {"_time": 42.422, "_x": 1, "_y": -1}, {"_time": 42.481, "_x": 1, "_y": 0}, {"_time": 42.539, "_x": 0, "_y": 1}, {"_time": 42.656, "_x": -1, "_y": -1}, {"_time": 42.774, "_x": 1, "_y": 1}, {"_time": 42.891, "_x": -1, "_y": 0}, {"_time": 43.008, "_x": 1, "_y": 0}, {"_time": 43.125, "_x": -1, "_y": 1}, {"_time": 43.184, "_x": -1, "_y": 0}, {"_time": 43.242, "_x": 0, "_y": -1}, {"_time": 43.36, "_x": 1, "_y": 1}, {"_time": 43.477, "_x": -1, "_y": 1}, {"_time": 43.506, "_x": -1, "_y": 1}, {"_time": 43.535, "_x": -1, "_y": 0}, {"_time": 43.565, "_x": -1, "_y": 0}, {"_time": 43.594, "_x": -1, "_y": -1}, {"_time": 43.623, "_x": -1, "_y": -1}, {"_time": 43.653, "_x": 0, "_y": -1}, {"_time": 43.682, "_x": 0, "_y": -1}, {"_time": 43.711, "_x": 1, "_y": -1}, {"_time": 43.828, "_x": 0, "_y": 1}, {"_time": 43.946, "_x": -1, "_y": -1}, {"_time": 44.063, "_x": 1, "_y": 1}, {"_time": 44.18, "_x": -1, "_y": 0}, {"_time": 44.297, "_x": 1, "_y": -1}, {"_time": 44.356, "_x": 1, "_y": 0}, {"_time": 44.414, "_x": 1, "_y": 1}, {"_time": 44.531, "_x": -1, "_y": 0}, {"_time": 44.649, "_x": 1, "_y": 0}, {"_time": 44.766, "_x": -1, "_y": 1}, {"_time": 44.883, "_x": 0, "_y": -1}, {"_time": 45, "_x": 1, "_y": 1}, {"_time": 45.059, "_x": 0, "_y": 1}, {"_time": 45.117, "_x": -1, "_y": 0}, {"_time": 45.235, "_x": 1, "_y": -1}, {"_time": 45.352, "_x": -1, "_y": 1}, {"_time": 45.586, "_x": 1, "_y": -1}, {"_time": 45.703, "_x": 0, "_y": 1}, {"_time": 45.82, "_x": -1, "_y": -1}, {"_time": 45.938, "_x": 1, "_y": 1}, {"_time": 46.055, "_x": -1, "_y": 0}, {"_time": 46.172, "_x": 1, "_y": -1}, {"_time": 46.231, "_x": 1, "_y": 0}, {"_time": 46.289, "_x": 0, "_y": 1}, {"_time": 46.406, "_x": -1, "_y": -1}, {"_time": 46.524, "_x": 1, "_y": 0}, {"_time": 46.641, "_x": -1, "_y": 1}, {"_time": 46.699, "_x": -1, "_y": -1}, {"_time": 46.758, "_x": 1, "_y": -1}, {"_time": 46.817, "_x": 1, "_y": 1}, {"_time": 46.875, "_x": -1, "_y": 1}, {"_time": 46.934, "_x": -1, "_y": -1}, {"_time": 46.963, "_x": -1, "_y": -1}, {"_time": 46.992, "_x": 1, "_y": -1}, {"_time": 47.022, "_x": 1, "_y": -1}, {"_time": 47.051, "_x": 1, "_y": 1}, {"_time": 47.08, "_x": 1, "_y": 1}, {"_time": 47.11, "_x": -1, "_y": 1}, {"_time": 47.168, "_x": -1, "_y": -1}, {"_time": 47.197, "_x": -1, "_y": -1}, {"_time": 47.227, "_x": 1, "_y": -1}, {"_time": 47.256, "_x": 1, "_y": -1}, {"_time": 47.285, "_x": 1, "_y": 0}, {"_time": 47.315, "_x": 1, "_y": 0}, {"_time": 47.344, "_x": 1, "_y": 1}, {"_time": 47.373, "_x": 1, "_y": 1}, {"_time": 47.403, "_x": 0, "_y": 1}, {"_time": 47.432, "_x": 0, "_y": 1}, {"_time": 47.461, "_x": -1, "_y": 1}, {"_time": 47.696, "_x": 0, "_y": -1}, {"_time": 47.93, "_x": 1, "_y": 1}, {"_time": 48.164, "_x": -1, "_y": -1}, {"_time": 48.399, "_x": 1, "_y": 0}, {"_time": 48.633, "_x": -1, "_y": 0}, {"_time": 48.75, "_x": 1, "_y": 1}, {"_time": 48.867, "_x": 0, "_y": -1}, {"_time": 49.102, "_x": -1, "_y": 1}, {"_time": 49.336, "_x": 1, "_y": 0}, {"_time": 49.453, "_x": -1, "_y": -1}, {"_time": 49.512, "_x": -1, "_y": 0}, {"_time": 49.57, "_x": -1, "_y": 1}, {"_time": 49.805, "_x": 1, "_y": -1}, {"_time": 50.039, "_x": 0, "_y": 1}, {"_time": 50.274, "_x": -1, "_y": -1}, {"_time": 50.508, "_x": 1, "_y": 0}, {"_time": 50.625, "_x": -1, "_y": 0}, {"_time": 50.742, "_x": 1, "_y": 1}, {"_time": 50.977, "_x": 0, "_y": -1}, {"_time": 51.094, "_x": 0, "_y": 1}, {"_time": 51.211, "_x": 1, "_y": -1}, {"_time": 51.27, "_x": 0, "_y": -1}, {"_time": 51.328, "_x": -1, "_y": -1}, {"_time": 51.387, "_x": -1, "_y": 0}, {"_time": 51.446, "_x": -1, "_y": 1}, {"_time": 51.68, "_x": 1, "_y": 0}, {"_time": 51.914, "_x": -1, "_y": 0}, {"_time": 52.149, "_x": 1, "_y": -1}, {"_time": 52.383, "_x": -1, "_y": 1}, {"_time": 52.5, "_x": 0, "_y": -1}, {"_time": 52.617, "_x": 1, "_y": 1}, {"_time": 52.852, "_x": -1, "_y": -1}, {"_time": 53.086, "_x": 1, "_y": 0}, {"_time": 53.32, "_x": -1, "_y": 1}, {"_time": 53.555, "_x": 0, "_y": -1}, {"_time": 53.789, "_x": 0, "_y": 1}, {"_time": 54.024, "_x": 1, "_y": -1}, {"_time": 54.141, "_x": -1, "_y": 0}, {"_time": 54.199, "_x": 0, "_y": 0}, {"_time": 54.258, "_x": 1, "_y": 0}, {"_time": 54.375, "_x": -1, "_y": 1}, {"_time": 54.492, "_x": 0, "_y": -1}, {"_time": 54.61, "_x": 1, "_y": 0}, {"_time": 54.727, "_x": 0, "_y": 1}, {"_time": 54.844, "_x": -1, "_y": 0}, {"_time": 54.961, "_x": 1, "_y": -1}, {"_time": 55.196, "_x": 0, "_y": 1}, {"_time": 55.43, "_x": -1, "_y": -1}, {"_time": 55.664, "_x": 1, "_y": 1}, {"_time": 55.899, "_x": -1, "_y": 0}, {"_time": 56.133, "_x": 1, "_y": 0}, {"_time": 56.25, "_x": -1, "_y": -1}, {"_time": 56.367, "_x": 0, "_y": 1}, {"_time": 56.602, "_x": 1, "_y": -1}, {"_time": 56.836, "_x": -1, "_y": 0}, {"_time": 56.953, "_x": 1, "_y": 1}, {"_time": 57.012, "_x": 1, "_y": 0}, {"_time": 57.07, "_x": 1, "_y": -1}, {"_time": 57.305, "_x": -1, "_y": 1}, {"_time": 57.539, "_x": 0, "_y": -1}, {"_time": 57.774, "_x": 1, "_y": 1}, {"_time": 58.008, "_x": -1, "_y": 0}, {"_time": 58.125, "_x": 1, "_y": 0}, {"_time": 58.242, "_x": -1, "_y": -1}, {"_time": 58.477, "_x": 0, "_y": 1}, {"_time": 58.594, "_x": 0, "_y": -1}, {"_time": 58.711, "_x": -1, "_y": 1}, {"_time": 58.74, "_x": -1, "_y": 1}, {"_time": 58.77, "_x": 0, "_y": 1}, {"_time": 58.799, "_x": 0, "_y": 1}, {"_time": 58.828, "_x": 1, "_y": 1}, {"_time": 58.858, "_x": 1, "_y": 1}, {"_time": 58.887, "_x": 1, "_y": 0}, {"_time": 58.946, "_x": 1, "_y": -1}, {"_time": 59.18, "_x": -1, "_y": 0}, {"_time": 59.414, "_x": 1, "_y": 0}, {"_time": 59.649, "_x": -1, "_y": 1}, {"_time": 59.883, "_x": 1, "_y": -1}, {"_time": 60, "_x": 0, "_y": 1}, {"_time": 60.117, "_x": -1, "_y": -1}, {"_time": 60.352, "_x": 1, "_y": 1}, {"_time": 60.586, "_x": -1, "_y": 0}, {"_time": 60.82, "_x": 1, "_y": -1}, {"_time": 61.055, "_x": 0, "_y": 1}, {"_time": 61.289, "_x": 0, "_y": -1}, {"_time": 61.406, "_x": -1, "_y": 1}, {"_time": 61.524, "_x": 1, "_y": -1}, {"_time": 61.641, "_x": -1, "_y": 0}, {"_time": 61.699, "_x": 0, "_y": 0}, {"_time": 61.758, "_x": 1, "_y": 0}, {"_time": 61.875, "_x": -1, "_y": 1}, {"_time": 61.992, "_x": 1, "_y": -1}, {"_time": 62.11, "_x": 1, "_y": 1}, {"_time": 62.227, "_x": -1, "_y": 1}, {"_time": 62.344, "_x": -1, "_y": -1}, {"_time": 62.461, "_x": 0, "_y": 0}, {"_time": 64.102, "_x": 1, "_y": -1}, {"_time": 64.131, "_x": 1, "_y": -1}, {"_time": 64.16, "_x": -1, "_y": -1}, {"_time": 64.19, "_x": -1, "_y": -1}, {"_time": 64.219, "_x": -1, "_y": 1}, {"_time": 64.248, "_x": -1, "_y": 1}, {"_time": 64.278, "_x": 1, "_y": 1}, {"_time": 64.307, "_x": 1, "_y": 1}, {"_time": 64.336, "_x": 1, "_y": -1}, {"_time": 64.453, "_x": -1, "_y": 0}, {"_time": 64.57, "_x": 1, "_y": 0}, {"_time": 64.688, "_x": -1, "_y": 1}, {"_time": 64.805, "_x": 0, "_y": -1}, {"_time": 64.922, "_x": 1, "_y": 1}, {"_time": 65.039, "_x": -1, "_y": -1}, {"_time": 65.156, "_x": 0, "_y": 1}, {"_time": 65.274, "_x": 0, "_y": -1}, {"_time": 65.391, "_x": -1, "_y": 1}, {"_time": 65.508, "_x": 1, "_y": -1}, {"_time": 65.625, "_x": -1, "_y": 0}, {"_time": 65.742, "_x": 1, "_y": 0}, {"_time": 65.86, "_x": -1, "_y": -1}, {"_time": 65.977, "_x": 1, "_y": 1}, {"_time": 66.035, "_x": 1, "_y": 0}, {"_time": 66.094, "_x": 1, "_y": -1}, {"_time": 66.211, "_x": -1, "_y": 1}, {"_time": 67.617, "_x": -1, "_y": -1}, {"_time": 67.647, "_x": -1, "_y": -1}, {"_time": 67.676, "_x": 0, "_y": -1}, {"_time": 67.705, "_x": 0, "_y": -1}, {"_time": 67.735, "_x": 1, "_y": -1}, {"_time": 67.764, "_x": 1, "_y": -1}, {"_time": 67.793, "_x": 1, "_y": 0}, {"_time": 67.852, "_x": -1, "_y": 1}, {"_time": 67.881, "_x": -1, "_y": 1}, {"_time": 67.91, "_x": -1, "_y": 0}, {"_time": 67.94, "_x": -1, "_y": 0}, {"_time": 67.969, "_x": -1, "_y": -1}, {"_time": 67.998, "_x": -1, "_y": -1}, {"_time": 68.028, "_x": 0, "_y": -1}, {"_time": 68.057, "_x": 0, "_y": -1}, {"_time": 68.086, "_x": 1, "_y": 1}, {"_time": 68.203, "_x": -1, "_y": -1}, {"_time": 68.262, "_x": -1, "_y": 0}, {"_time": 68.32, "_x": -1, "_y": 1}, {"_time": 68.438, "_x": 1, "_y": 0}, {"_time": 68.555, "_x": -1, "_y": -1}, {"_time": 68.672, "_x": 1, "_y": 1}, {"_time": 68.731, "_x": 0, "_y": 1}, {"_time": 68.789, "_x": -1, "_y": 1}, {"_time": 68.906, "_x": 1, "_y": -1}, {"_time": 68.936, "_x": 1, "_y": -1}, {"_time": 68.965, "_x": 1, "_y": 0}, {"_time": 68.994, "_x": 1, "_y": 0}, {"_time": 69.024, "_x": 1, "_y": 1}, {"_time": 69.141, "_x": -1, "_y": 0}, {"_time": 69.199, "_x": 0, "_y": 0}, {"_time": 69.258, "_x": 1, "_y": 0}, {"_time": 69.375, "_x": -1, "_y": -1}, {"_time": 69.492, "_x": 0, "_y": 1}, {"_time": 69.551, "_x": 0, "_y": 0}, {"_time": 69.61, "_x": 0, "_y": -1}, {"_time": 69.727, "_x": -1, "_y": 1}, {"_time": 69.785, "_x": 0, "_y": 1}, {"_time": 69.844, "_x": 1, "_y": 1}, {"_time": 69.873, "_x": 1, "_y": 1}, {"_time": 69.903, "_x": 1, "_y": 0}, {"_time": 69.932, "_x": 1, "_y": 0}, {"_time": 69.961, "_x": 1, "_y": -1}, {"_time": 70.02, "_x": 0, "_y": -1}, {"_time": 70.078, "_x": -1, "_y": -1}, {"_time": 70.137, "_x": -1, "_y": 0}, {"_time": 70.196, "_x": 0, "_y": 0}, {"_time": 70.254, "_x": 1, "_y": 0}, {"_time": 70.313, "_x": 1, "_y": 1}, {"_time": 70.371, "_x": 0, "_y": 1}, {"_time": 70.43, "_x": 0, "_y": 0}, {"_time": 70.488, "_x": 0, "_y": -1}, {"_time": 70.547, "_x": -1, "_y": -1}, {"_time": 70.606, "_x": -1, "_y": 0}, {"_time": 70.664, "_x": -1, "_y": 1}, {"_time": 70.723, "_x": 0, "_y": 1}, {"_time": 70.781, "_x": 0, "_y": 0}, {"_time": 70.84, "_x": 0, "_y": -1}, {"_time": 70.899, "_x": 1, "_y": -1}, {"_time": 70.928, "_x": 1, "_y": -1}, {"_time": 70.957, "_x": 1, "_y": 0}, {"_time": 70.987, "_x": 1, "_y": 0}, {"_time": 71.016, "_x": 0, "_y": 0}, {"_time": 71.045, "_x": 0, "_y": 0}, {"_time": 71.074, "_x": -1, "_y": 0}, {"_time": 71.104, "_x": -1, "_y": 0}, {"_time": 71.133, "_x": -1, "_y": 1}, {"_time": 71.162, "_x": -1, "_y": 1}, {"_time": 71.192, "_x": 0, "_y": 1}, {"_time": 71.221, "_x": 0, "_y": 1}, {"_time": 71.25, "_x": 0, "_y": 0}, {"_time": 71.279, "_x": 0, "_y": 0}, {"_time": 71.309, "_x": 0, "_y": -1}, {"_time": 71.338, "_x": 0, "_y": -1}, {"_time": 71.367, "_x": -1, "_y": -1}, {"_time": 71.397, "_x": -1, "_y": -1}, {"_time": 71.426, "_x": -1, "_y": 0}, {"_time": 71.455, "_x": -1, "_y": 0}, {"_time": 71.485, "_x": 0, "_y": 0}, {"_time": 71.514, "_x": 0, "_y": 0}, {"_time": 71.543, "_x": 1, "_y": 0}, {"_time": 71.572, "_x": 1, "_y": 0}, {"_time": 71.602, "_x": 1, "_y": 1}, {"_time": 71.66, "_x": 0, "_y": 1}, {"_time": 71.69, "_x": 0, "_y": 1}, {"_time": 71.719, "_x": -1, "_y": 1}, {"_time": 71.748, "_x": -1, "_y": 1}, {"_time": 71.778, "_x": -1, "_y": 0}, {"_time": 71.807, "_x": -1, "_y": 0}, {"_time": 71.836, "_x": -1, "_y": -1}, {"_time": 71.865, "_x": -1, "_y": -1}, {"_time": 71.895, "_x": 0, "_y": -1}, {"_time": 71.953, "_x": 1, "_y": 0}, {"_time": 72.012, "_x": 0, "_y": 1}, {"_time": 72.07, "_x": -1, "_y": 1}, {"_time": 72.1, "_x": -1, "_y": 1}, {"_time": 72.129, "_x": -1, "_y": 0}, {"_time": 72.158, "_x": -1, "_y": 0}, {"_time": 72.188, "_x": -1, "_y": -1}, {"_time": 72.217, "_x": -1, "_y": -1}, {"_time": 72.246, "_x": 0, "_y": -1}, {"_time": 72.276, "_x": 0, "_y": -1}, {"_time": 72.305, "_x": 1, "_y": -1}, {"_time": 72.363, "_x": 1, "_y": 0}, {"_time": 72.422, "_x": 0, "_y": 0}, {"_time": 72.481, "_x": -1, "_y": 0}, {"_time": 72.539, "_x": -1, "_y": 1}, {"_time": 72.569, "_x": -1, "_y": 1}, {"_time": 72.598, "_x": 0, "_y": 1}, {"_time": 72.627, "_x": 0, "_y": 1}, {"_time": 72.656, "_x": 1, "_y": 1}, {"_time": 72.774, "_x": 1, "_y": -1}, {"_time": 72.803, "_x": 1, "_y": -1}, {"_time": 72.832, "_x": 0, "_y": -1}, {"_time": 72.862, "_x": 0, "_y": -1}, {"_time": 72.891, "_x": -1, "_y": -1}, {"_time": 72.949, "_x": -1, "_y": 0}, {"_time": 73.008, "_x": 0, "_y": 0}, {"_time": 73.067, "_x": 1, "_y": 0}, {"_time": 73.125, "_x": 1, "_y": 1}, {"_time": 73.154, "_x": 1, "_y": 1}, {"_time": 73.184, "_x": 0, "_y": 1}, {"_time": 73.213, "_x": 0, "_y": 1}, {"_time": 73.242, "_x": -1, "_y": 1}, {"_time": 73.272, "_x": -1, "_y": 1}, {"_time": 73.301, "_x": -1, "_y": 0}, {"_time": 73.33, "_x": -1, "_y": 0}, {"_time": 73.36, "_x": -1, "_y": -1}, {"_time": 73.477, "_x": 1, "_y": -1}, {"_time": 73.506, "_x": 1, "_y": -1}, {"_time": 73.535, "_x": 1, "_y": 1}, {"_time": 73.565, "_x": 1, "_y": 1}, {"_time": 73.594, "_x": -1, "_y": 1}, {"_time": 73.623, "_x": -1, "_y": 1}, {"_time": 73.653, "_x": -1, "_y": -1}, {"_time": 73.682, "_x": -1, "_y": -1}, {"_time": 73.711, "_x": 1, "_y": -1}, {"_time": 75.586, "_x": 0, "_y": 0}, {"_time": 77.461, "_x": 0, "_y": -1}, {"_time": 79.336, "_x": 0, "_y": 0}, {"_time": 80.274, "_x": -1, "_y": -1}, {"_time": 81.211, "_x": 0, "_y": 0}, {"_time": 83.086, "_x": -1, "_y": 0}, {"_time": 84.024, "_x": 0, "_y": 0}, {"_time": 84.961, "_x": 1, "_y": 0}, {"_time": 86.836, "_x": 0, "_y": 0}, {"_time": 88.008, "_x": 1, "_y": -1}, {"_time": 88.242, "_x": 0, "_y": -1}, {"_time": 88.477, "_x": -1, "_y": 0}, {"_time": 88.711, "_x": 1, "_y": 0}, {"_time": 88.945, "_x": -1, "_y": 1}, {"_time": 89.062, "_x": -1, "_y": 0}, {"_time": 89.414, "_x": 1, "_y": -1}, {"_time": 89.883, "_x": 1, "_y": 0}, {"_time": 90.352, "_x": -1, "_y": 0}, {"_time": 90.586, "_x": -1, "_y": 1}, {"_time": 90.938, "_x": 0, "_y": 1}, {"_time": 91.289, "_x": 1, "_y": 0}, {"_time": 92.227, "_x": -1, "_y": 0}, {"_time": 92.461, "_x": 0, "_y": -1}, {"_time": 92.812, "_x": 1, "_y": 0}, {"_time": 93.164, "_x": -1, "_y": 1}, {"_time": 93.633, "_x": -1, "_y": 0}, {"_time": 94.102, "_x": -1, "_y": -1}, {"_time": 94.336, "_x": 1, "_y": -1}, {"_time": 94.688, "_x": 0, "_y": 0}, {"_time": 95.273, "_x": -1, "_y": 1}, {"_time": 95.508, "_x": 0, "_y": 1}, {"_time": 95.742, "_x": 0, "_y": 0}, {"_time": 95.977, "_x": 1, "_y": -1}, {"_time": 96.211, "_x": -1, "_y": 1}, {"_time": 96.445, "_x": 0, "_y": -1}, {"_time": 96.562, "_x": 1, "_y": 0}, {"_time": 96.914, "_x": -1, "_y": 0}, {"_time": 97.383, "_x": 1, "_y": 1}, {"_time": 97.852, "_x": 0, "_y": -1}, {"_time": 98.086, "_x": -1, "_y": -1}, {"_time": 98.438, "_x": -1, "_y": 1}, {"_time": 98.789, "_x": 1, "_y": 0}, {"_time": 99.023, "_x": -1, "_y": 0}, {"_time": 99.375, "_x": 1, "_y": -1}, {"_time": 99.727, "_x": 0, "_y": 1}, {"_time": 99.961, "_x": -1, "_y": 0}, {"_time": 100.195, "_x": 1, "_y": 0}, {"_time": 100.312, "_x": 1, "_y": 1}, {"_time": 100.664, "_x": -1, "_y": 1}, {"_time": 101.133, "_x": 0, "_y": -1}, {"_time": 101.602, "_x": 1, "_y": 1}, {"_time": 101.836, "_x": 0, "_y": 1}, {"_time": 102.188, "_x": -1, "_y": 0}, {"_time": 103.242, "_x": 1, "_y": 0}, {"_time": 103.711, "_x": -1, "_y": -1}, {"_time": 103.946, "_x": -1, "_y": 0}, {"_time": 104.18, "_x": 1, "_y": 0}, {"_time": 104.414, "_x": -1, "_y": 1}, {"_time": 104.649, "_x": 1, "_y": -1}, {"_time": 104.883, "_x": 1, "_y": 0}, {"_time": 105.117, "_x": -1, "_y": 0}, {"_time": 105.352, "_x": 1, "_y": 1}, {"_time": 105.586, "_x": -1, "_y": -1}, {"_time": 105.82, "_x": -1, "_y": 0}, {"_time": 106.055, "_x": 1, "_y": -1}, {"_time": 106.289, "_x": 1, "_y": 0}, {"_time": 106.524, "_x": -1, "_y": 1}, {"_time": 106.758, "_x": -1, "_y": 0}, {"_time": 106.992, "_x": 1, "_y": 1}, {"_time": 107.227, "_x": 1, "_y": 0}, {"_time": 107.461, "_x": -1, "_y": -1}, {"_time": 107.696, "_x": 0, "_y": 1}, {"_time": 107.93, "_x": 1, "_y": -1}, {"_time": 108.164, "_x": 0, "_y": -1}, {"_time": 108.399, "_x": -1, "_y": 1}, {"_time": 108.633, "_x": 1, "_y": 1}, {"_time": 108.867, "_x": 1, "_y": 0}, {"_time": 109.102, "_x": -1, "_y": -1}, {"_time": 109.336, "_x": 1, "_y": 1}, {"_time": 109.57, "_x": 1, "_y": 0}, {"_time": 109.805, "_x": 0, "_y": 1}, {"_time": 110.039, "_x": 0, "_y": 0}, {"_time": 110.156, "_x": -1, "_y": 1}, {"_time": 110.274, "_x": -1, "_y": 1}, {"_time": 110.508, "_x": -1, "_y": 0}, {"_time": 110.742, "_x": 1, "_y": -1}, {"_time": 110.977, "_x": 1, "_y": 0}, {"_time": 111.211, "_x": -1, "_y": 1}, {"_time": 111.446, "_x": 0, "_y": 0}, {"_time": 111.68, "_x": 1, "_y": 1}, {"_time": 111.914, "_x": 0, "_y": 0}, {"_time": 112.149, "_x": 1, "_y": -1}, {"_time": 112.383, "_x": 0, "_y": 0}, {"_time": 112.617, "_x": -1, "_y": -1}, {"_time": 112.852, "_x": 0, "_y": 0}, {"_time": 113.086, "_x": -1, "_y": 1}, {"_time": 113.32, "_x": -1, "_y": 0}, {"_time": 113.555, "_x": 0, "_y": 1}, {"_time": 113.789, "_x": 0, "_y": 0}, {"_time": 114.024, "_x": 1, "_y": 1}, {"_time": 114.258, "_x": 1, "_y": 0}, {"_time": 114.492, "_x": 0, "_y": 1}, {"_time": 114.727, "_x": 0, "_y": 0}, {"_time": 114.961, "_x": -1, "_y": 1}, {"_time": 115.196, "_x": -1, "_y": -1}, {"_time": 115.43, "_x": 0, "_y": 1}, {"_time": 115.664, "_x": 0, "_y": -1}, {"_time": 115.899, "_x": 1, "_y": 1}, {"_time": 116.133, "_x": 1, "_y": 0}, {"_time": 116.367, "_x": 0, "_y": 1}, {"_time": 116.602, "_x": 0, "_y": -1}, {"_time": 116.836, "_x": -1, "_y": 1}, {"_time": 117.07, "_x": -1, "_y": 0}, {"_time": 117.305, "_x": 1, "_y": -1}, {"_time": 117.539, "_x": 1, "_y": 0}, {"_time": 117.774, "_x": -1, "_y": 0}, {"_time": 118.008, "_x": -1, "_y": -1}, {"_time": 118.242, "_x": 1, "_y": 0}, {"_time": 118.477, "_x": 1, "_y": 1}, {"_time": 118.711, "_x": -1, "_y": 1}, {"_time": 119.649, "_x": 0, "_y": -1}, {"_time": 120.586, "_x": 1, "_y": 1}, {"_time": 121.524, "_x": -1, "_y": 0}, {"_time": 122.461, "_x": 1, "_y": -1}, {"_time": 123.399, "_x": 1, "_y": 1}, {"_time": 124.336, "_x": -1, "_y": 1}, {"_time": 125.274, "_x": -1, "_y": -1}, {"_time": 126.211, "_x": 1, "_y": -1}, {"_time": 126.446, "_x": 0, "_y": 1}, {"_time": 126.68, "_x": -1, "_y": -1}, {"_time": 126.914, "_x": 1, "_y": 0}, {"_time": 127.149, "_x": -1, "_y": 1}, {"_time": 127.383, "_x": 0, "_y": -1}, {"_time": 127.617, "_x": 1, "_y": 1}, {"_time": 127.852, "_x": -1, "_y": 0}, {"_time": 128.086, "_x": 1, "_y": -1}, {"_time": 128.32, "_x": 1, "_y": 1}, {"_time": 128.555, "_x": -1, "_y": 1}, {"_time": 128.789, "_x": -1, "_y": -1}, {"_time": 129.024, "_x": 1, "_y": -1}, {"_time": 129.258, "_x": 1, "_y": 1}, {"_time": 129.492, "_x": -1, "_y": 1}, {"_time": 129.727, "_x": -1, "_y": -1}, {"_time": 129.961, "_x": 1, "_y": 0}, {"_time": 130.078, "_x": 0, "_y": 1}, {"_time": 130.196, "_x": -1, "_y": 0}, {"_time": 130.313, "_x": 0, "_y": -1}, {"_time": 130.43, "_x": 1, "_y": 0}, {"_time": 130.547, "_x": 0, "_y": 1}, {"_time": 130.664, "_x": -1, "_y": 0}, {"_time": 130.781, "_x": 0, "_y": -1}, {"_time": 130.899, "_x": 1, "_y": 1}, {"_time": 130.957, "_x": -1, "_y": 1}, {"_time": 131.016, "_x": -1, "_y": -1}, {"_time": 131.074, "_x": 1, "_y": -1}, {"_time": 131.133, "_x": 1, "_y": 1}, {"_time": 131.192, "_x": -1, "_y": 1}, {"_time": 131.25, "_x": -1, "_y": -1}, {"_time": 131.309, "_x": 1, "_y": -1}, {"_time": 131.367, "_x": 0, "_y": 1}, {"_time": 131.426, "_x": -1, "_y": 0}, {"_time": 131.485, "_x": 0, "_y": -1}, {"_time": 131.543, "_x": 1, "_y": 0}, {"_time": 131.602, "_x": 0, "_y": 1}, {"_time": 131.66, "_x": -1, "_y": 0}, {"_time": 131.719, "_x": 0, "_y": -1}, {"_time": 131.778, "_x": 1, "_y": 0}, {"_time": 131.836, "_x": 1, "_y": 1}, {"_time": 132.305, "_x": -1, "_y": 1}, {"_time": 132.539, "_x": -1, "_y": 0}, {"_time": 132.774, "_x": 1, "_y": -1}, {"_time": 133.242, "_x": 0, "_y": 1}, {"_time": 133.711, "_x": -1, "_y": -1}, {"_time": 133.828, "_x": 1, "_y": 0}, {"_time": 133.946, "_x": -1, "_y": 1}, {"_time": 134.063, "_x": 1, "_y": 0}, {"_time": 134.18, "_x": -1, "_y": -1}, {"_time": 134.297, "_x": 0, "_y": 1}, {"_time": 134.356, "_x": 0, "_y": 0}, {"_time": 134.414, "_x": 0, "_y": -1}, {"_time": 134.531, "_x": 0, "_y": 1}, {"_time": 134.649, "_x": 1, "_y": -1}, {"_time": 134.766, "_x": -1, "_y": 0}, {"_time": 134.883, "_x": 1, "_y": 0}, {"_time": 135, "_x": -1, "_y": 0}, {"_time": 135.059, "_x": 0, "_y": 1}, {"_time": 135.117, "_x": 1, "_y": 1}, {"_time": 135.235, "_x": 0, "_y": -1}, {"_time": 135.352, "_x": 1, "_y": 1}, {"_time": 135.41, "_x": 0, "_y": 1}, {"_time": 135.469, "_x": -1, "_y": 1}, {"_time": 135.528, "_x": -1, "_y": 0}, {"_time": 135.586, "_x": -1, "_y": -1}, {"_time": 135.703, "_x": 1, "_y": 0}, {"_time": 135.82, "_x": -1, "_y": 0}, {"_time": 135.938, "_x": 1, "_y": 0}, {"_time": 136.055, "_x": -1, "_y": 1}, {"_time": 136.172, "_x": 0, "_y": -1}, {"_time": 136.231, "_x": 0, "_y": 0}, {"_time": 136.289, "_x": 0, "_y": 1}, {"_time": 136.406, "_x": 0, "_y": -1}, {"_time": 136.524, "_x": 1, "_y": 1}, {"_time": 136.641, "_x": -1, "_y": -1}, {"_time": 136.758, "_x": 1, "_y": 1}, {"_time": 136.875, "_x": -1, "_y": 0}, {"_time": 136.992, "_x": 1, "_y": 0}, {"_time": 137.051, "_x": 0, "_y": 0}, {"_time": 137.11, "_x": -1, "_y": 0}, {"_time": 137.227, "_x": 1, "_y": -1}, {"_time": 137.256, "_x": 1, "_y": -1}, {"_time": 137.285, "_x": 1, "_y": 0}, {"_time": 137.315, "_x": 1, "_y": 0}, {"_time": 137.344, "_x": 1, "_y": 1}, {"_time": 137.373, "_x": 1, "_y": 1}, {"_time": 137.403, "_x": 0, "_y": 1}, {"_time": 137.432, "_x": 0, "_y": 1}, {"_time": 137.461, "_x": -1, "_y": 1}, {"_time": 137.578, "_x": 0, "_y": -1}, {"_time": 137.696, "_x": 1, "_y": 1}, {"_time": 137.813, "_x": 0, "_y": -1}, {"_time": 137.93, "_x": 0, "_y": 1}, {"_time": 138.047, "_x": -1, "_y": -1}, {"_time": 138.106, "_x": 0, "_y": -1}, {"_time": 138.164, "_x": 1, "_y": 0}, {"_time": 138.281, "_x": -1, "_y": 0}, {"_time": 138.399, "_x": 1, "_y": 0}, {"_time": 138.516, "_x": -1, "_y": 1}, {"_time": 138.633, "_x": 0, "_y": -1}, {"_time": 138.75, "_x": 1, "_y": 1}, {"_time": 138.809, "_x": 1, "_y": 0}, {"_time": 138.867, "_x": 1, "_y": -1}, {"_time": 138.985, "_x": 0, "_y": 1}, {"_time": 139.102, "_x": 1, "_y": -1}, {"_time": 139.219, "_x": -1, "_y": 0}, {"_time": 139.278, "_x": 0, "_y": 0}, {"_time": 139.336, "_x": 1, "_y": 0}, {"_time": 139.453, "_x": -1, "_y": -1}, {"_time": 139.57, "_x": 0, "_y": 1}, {"_time": 139.688, "_x": 1, "_y": -1}, {"_time": 139.805, "_x": -1, "_y": 1}, {"_time": 139.922, "_x": 0, "_y": -1}, {"_time": 139.981, "_x": 0, "_y": 0}, {"_time": 140.039, "_x": 0, "_y": 1}, {"_time": 140.156, "_x": -1, "_y": -1}, {"_time": 140.274, "_x": 0, "_y": 1}, {"_time": 140.332, "_x": 0, "_y": 0}, {"_time": 140.391, "_x": 0, "_y": -1}, {"_time": 140.625, "_x": -1, "_y": 1}, {"_time": 140.684, "_x": 0, "_y": 1}, {"_time": 140.742, "_x": 0, "_y": 0}, {"_time": 140.801, "_x": 0, "_y": -1}, {"_time": 140.86, "_x": 1, "_y": -1}, {"_time": 140.977, "_x": 1, "_y": 1}, {"_time": 141.006, "_x": 1, "_y": 1}, {"_time": 141.035, "_x": 0, "_y": 1}, {"_time": 141.065, "_x": 0, "_y": 1}, {"_time": 141.094, "_x": 0, "_y": 0}, {"_time": 141.123, "_x": 0, "_y": 0}, {"_time": 141.153, "_x": 0, "_y": -1}, {"_time": 141.182, "_x": 0, "_y": -1}, {"_time": 141.211, "_x": -1, "_y": -1}, {"_time": 141.328, "_x": -1, "_y": 1}, {"_time": 141.446, "_x": 0, "_y": -1}, {"_time": 141.563, "_x": 1, "_y": 1}, {"_time": 141.68, "_x": 1, "_y": -1}, {"_time": 141.797, "_x": 0, "_y": 1}, {"_time": 141.856, "_x": 0, "_y": 0}, {"_time": 141.914, "_x": 0, "_y": -1}, {"_time": 142.031, "_x": -1, "_y": 1}, {"_time": 142.149, "_x": 1, "_y": 0}, {"_time": 142.266, "_x": -1, "_y": 1}, {"_time": 142.383, "_x": 0, "_y": -1}, {"_time": 142.5, "_x": 1, "_y": 1}, {"_time": 142.559, "_x": 1, "_y": 0}, {"_time": 142.617, "_x": 1, "_y": -1}, {"_time": 142.735, "_x": -1, "_y": 1}, {"_time": 142.852, "_x": -1, "_y": -1}, {"_time": 142.91, "_x": 0, "_y": -1}, {"_time": 142.969, "_x": 0, "_y": 0}, {"_time": 143.028, "_x": 0, "_y": 1}, {"_time": 143.086, "_x": 1, "_y": 1}, {"_time": 143.203, "_x": 0, "_y": -1}, {"_time": 143.32, "_x": -1, "_y": 1}, {"_time": 143.438, "_x": 0, "_y": -1}, {"_time": 143.555, "_x": 0, "_y": 1}, {"_time": 143.672, "_x": 1, "_y": -1}, {"_time": 143.731, "_x": 0, "_y": -1}, {"_time": 143.789, "_x": -1, "_y": -1}, {"_time": 143.906, "_x": 0, "_y": 1}, {"_time": 144.024, "_x": 1, "_y": -1}, {"_time": 144.141, "_x": -1, "_y": 0}, {"_time": 144.258, "_x": 1, "_y": 0}, {"_time": 144.375, "_x": -1, "_y": 1}, {"_time": 144.434, "_x": -1, "_y": 0}, {"_time": 144.492, "_x": -1, "_y": -1}, {"_time": 144.61, "_x": 1, "_y": -1}, {"_time": 144.668, "_x": 1, "_y": 0}, {"_time": 144.727, "_x": 1, "_y": 1}, {"_time": 144.756, "_x": 1, "_y": 1}, {"_time": 144.785, "_x": 0, "_y": 1}, {"_time": 144.815, "_x": 0, "_y": 1}, {"_time": 144.844, "_x": 0, "_y": 0}, {"_time": 144.873, "_x": 0, "_y": 0}, {"_time": 144.903, "_x": 0, "_y": -1}, {"_time": 144.932, "_x": 0, "_y": -1}, {"_time": 144.961, "_x": -1, "_y": -1}, {"_time": 145.078, "_x": 0, "_y": 1}, {"_time": 145.196, "_x": 1, "_y": -1}, {"_time": 145.313, "_x": -1, "_y": 0}, {"_time": 145.43, "_x": 1, "_y": 0}, {"_time": 145.547, "_x": -1, "_y": 1}, {"_time": 145.606, "_x": -1, "_y": 0}, {"_time": 145.664, "_x": -1, "_y": -1}, {"_time": 145.781, "_x": 1, "_y": 1}, {"_time": 145.899, "_x": -1, "_y": -1}, {"_time": 146.016, "_x": 0, "_y": 1}, {"_time": 146.133, "_x": 1, "_y": -1}, {"_time": 146.25, "_x": -1, "_y": 0}, {"_time": 146.309, "_x": 0, "_y": 0}, {"_time": 146.367, "_x": 1, "_y": 0}, {"_time": 146.485, "_x": -1, "_y": 1}, {"_time": 146.602, "_x": 0, "_y": -1}, {"_time": 146.836, "_x": 1, "_y": 1}, {"_time": 146.953, "_x": -1, "_y": -1}, {"_time": 147.07, "_x": 0, "_y": 1}, {"_time": 147.188, "_x": 1, "_y": -1}, {"_time": 147.305, "_x": -1, "_y": 0}, {"_time": 147.422, "_x": 1, "_y": 0}, {"_time": 147.481, "_x": 0, "_y": 0}, {"_time": 147.539, "_x": -1, "_y": 0}, {"_time": 147.656, "_x": 1, "_y": 1}, {"_time": 147.774, "_x": 0, "_y": -1}, {"_time": 147.891, "_x": -1, "_y": 1}, {"_time": 147.949, "_x": 1, "_y": 1}, {"_time": 148.008, "_x": 1, "_y": -1}, {"_time": 148.067, "_x": -1, "_y": -1}, {"_time": 148.125, "_x": -1, "_y": 1}, {"_time": 148.154, "_x": -1, "_y": 1}, {"_time": 148.184, "_x": 1, "_y": 1}, {"_time": 148.213, "_x": 1, "_y": 1}, {"_time": 148.242, "_x": 1, "_y": -1}, {"_time": 148.272, "_x": 1, "_y": -1}, {"_time": 148.301, "_x": -1, "_y": -1}, {"_time": 148.33, "_x": -1, "_y": -1}, {"_time": 148.36, "_x": -1, "_y": 1}, {"_time": 148.389, "_x": -1, "_y": 1}, {"_time": 148.418, "_x": 1, "_y": 1}, {"_time": 148.447, "_x": 1, "_y": 1}, {"_time": 148.477, "_x": 1, "_y": -1}, {"_time": 148.506, "_x": 1, "_y": -1}, {"_time": 148.535, "_x": 0, "_y": -1}, {"_time": 148.565, "_x": 0, "_y": -1}, {"_time": 148.594, "_x": -1, "_y": -1}, {"_time": 148.711, "_x": -1, "_y": 1}, {"_time": 148.77, "_x": 0, "_y": 1}, {"_time": 148.828, "_x": 0, "_y": 0}, {"_time": 148.887, "_x": 0, "_y": -1}, {"_time": 148.946, "_x": 1, "_y": -1}, {"_time": 149.063, "_x": 0, "_y": 1}, {"_time": 149.18, "_x": -1, "_y": -1}, {"_time": 149.297, "_x": 1, "_y": 0}, {"_time": 149.356, "_x": 0, "_y": 0}, {"_time": 149.414, "_x": -1, "_y": 0}, {"_time": 149.531, "_x": 1, "_y": -1}, {"_time": 149.649, "_x": 0, "_y": 1}, {"_time": 149.766, "_x": -1, "_y": -1}, {"_time": 149.883, "_x": 1, "_y": 1}, {"_time": 150, "_x": 0, "_y": -1}, {"_time": 150.059, "_x": 0, "_y": 0}, {"_time": 150.117, "_x": 0, "_y": 1}, {"_time": 150.235, "_x": -1, "_y": -1}, {"_time": 150.352, "_x": 1, "_y": 0}, {"_time": 150.469, "_x": -1, "_y": 1}, {"_time": 150.528, "_x": -1, "_y": 0}, {"_time": 150.586, "_x": -1, "_y": -1}, {"_time": 150.703, "_x": 1, "_y": 1}, {"_time": 150.82, "_x": -1, "_y": 0}, {"_time": 150.938, "_x": 1, "_y": -1}, {"_time": 151.055, "_x": 0, "_y": 1}, {"_time": 151.172, "_x": -1, "_y": -1}, {"_time": 151.231, "_x": 0, "_y": -1}, {"_time": 151.289, "_x": 1, "_y": -1}, {"_time": 151.406, "_x": -1, "_y": 1}, {"_time": 151.524, "_x": 0, "_y": -1}, {"_time": 151.641, "_x": 1, "_y": 1}, {"_time": 151.758, "_x": -1, "_y": 0}, {"_time": 151.875, "_x": 1, "_y": -1}, {"_time": 151.934, "_x": 1, "_y": 0}, {"_time": 151.992, "_x": 1, "_y": 1}, {"_time": 152.11, "_x": -1, "_y": 0}, {"_time": 152.227, "_x": 1, "_y": -1}, {"_time": 152.256, "_x": 1, "_y": -1}, {"_time": 152.285, "_x": 1, "_y": 0}, {"_time": 152.315, "_x": 1, "_y": 0}, {"_time": 152.344, "_x": 1, "_y": 1}, {"_time": 152.461, "_x": -1, "_y": 1}, {"_time": 152.52, "_x": -1, "_y": 0}, {"_time": 152.578, "_x": -1, "_y": -1}, {"_time": 152.637, "_x": 0, "_y": -1}, {"_time": 152.696, "_x": 0, "_y": 0}, {"_time": 152.754, "_x": 0, "_y": 1}, {"_time": 152.813, "_x": 1, "_y": 1}, {"_time": 152.871, "_x": 1, "_y": 0}, {"_time": 152.93, "_x": 1, "_y": -1}, {"_time": 153.047, "_x": -1, "_y": 0}, {"_time": 153.106, "_x": 0, "_y": 0}, {"_time": 153.164, "_x": 1, "_y": 0}, {"_time": 153.281, "_x": -1, "_y": -1}, {"_time": 153.399, "_x": 0, "_y": 1}, {"_time": 153.516, "_x": 1, "_y": -1}, {"_time": 153.633, "_x": -1, "_y": 0}, {"_time": 153.75, "_x": 1, "_y": 1}, {"_time": 153.809, "_x": 1, "_y": 0}, {"_time": 153.867, "_x": 1, "_y": -1}, {"_time": 153.985, "_x": -1, "_y": 1}, {"_time": 154.102, "_x": 0, "_y": -1}, {"_time": 154.219, "_x": 1, "_y": 1}, {"_time": 154.336, "_x": -1, "_y": 0}, {"_time": 154.395, "_x": 0, "_y": 0}, {"_time": 154.453, "_x": 1, "_y": 0}, {"_time": 154.57, "_x": -1, "_y": -1}, {"_time": 154.688, "_x": 0, "_y": 1}, {"_time": 154.805, "_x": 1, "_y": -1}, {"_time": 154.922, "_x": -1, "_y": 0}, {"_time": 155.039, "_x": 1, "_y": 1}, {"_time": 155.098, "_x": 1, "_y": 0}, {"_time": 155.156, "_x": 1, "_y": -1}, {"_time": 155.274, "_x": -1, "_y": 1}, {"_time": 155.332, "_x": 0, "_y": 1}, {"_time": 155.391, "_x": 1, "_y": 1}, {"_time": 155.449, "_x": 1, "_y": 0}, {"_time": 155.508, "_x": 1, "_y": -1}, {"_time": 155.567, "_x": 0, "_y": -1}, {"_time": 155.625, "_x": -1, "_y": -1}, {"_time": 155.684, "_x": -1, "_y": 0}, {"_time": 155.742, "_x": -1, "_y": 1}, {"_time": 155.801, "_x": 0, "_y": 1}, {"_time": 155.86, "_x": 1, "_y": 1}, {"_time": 155.918, "_x": 1, "_y": 0}, {"_time": 155.977, "_x": 1, "_y": -1}, {"_time": 156.006, "_x": 1, "_y": -1}, {"_time": 156.035, "_x": 0, "_y": -1}, {"_time": 156.065, "_x": 0, "_y": -1}, {"_time": 156.094, "_x": -1, "_y": -1}, {"_time": 156.211, "_x": -1, "_y": 1}, {"_time": 156.27, "_x": 0, "_y": 1}, {"_time": 156.328, "_x": 0, "_y": 0}, {"_time": 156.387, "_x": 0, "_y": -1}, {"_time": 156.446, "_x": 1, "_y": -1}, {"_time": 156.504, "_x": 1, "_y": 0}, {"_time": 156.563, "_x": 1, "_y": 1}, {"_time": 156.68, "_x": -1, "_y": 0}, {"_time": 156.797, "_x": 1, "_y": -1}, {"_time": 156.856, "_x": 1, "_y": 0}, {"_time": 156.914, "_x": 1, "_y": 1}, {"_time": 157.031, "_x": -1, "_y": 0}, {"_time": 157.149, "_x": 1, "_y": -1}, {"_time": 157.266, "_x": 0, "_y": 1}, {"_time": 157.383, "_x": -1, "_y": -1}, {"_time": 157.5, "_x": 1, "_y": 1}, {"_time": 157.559, "_x": 1, "_y": 0}, {"_time": 157.617, "_x": 1, "_y": -1}, {"_time": 157.735, "_x": -1, "_y": 0}, {"_time": 157.852, "_x": 1, "_y": 0}, {"_time": 157.969, "_x": -1, "_y": 1}, {"_time": 158.086, "_x": 0, "_y": -1}, {"_time": 158.203, "_x": 1, "_y": 1}, {"_time": 158.32, "_x": -1, "_y": -1}, {"_time": 158.438, "_x": 0, "_y": 1}, {"_time": 158.555, "_x": 0, "_y": -1}, {"_time": 158.672, "_x": -1, "_y": 1}, {"_time": 158.731, "_x": 0, "_y": 1}, {"_time": 158.789, "_x": 1, "_y": 1}, {"_time": 158.906, "_x": 0, "_y": -1}, {"_time": 159.024, "_x": -1, "_y": 1}, {"_time": 159.141, "_x": 1, "_y": 0}, {"_time": 159.258, "_x": -1, "_y": 0}, {"_time": 159.375, "_x": 1, "_y": -1}, {"_time": 159.434, "_x": 1, "_y": 0}, {"_time": 159.492, "_x": 1, "_y": 1}, {"_time": 159.61, "_x": -1, "_y": 1}, {"_time": 159.668, "_x": -1, "_y": 0}, {"_time": 159.727, "_x": -1, "_y": -1}, {"_time": 159.756, "_x": -1, "_y": -1}, {"_time": 159.785, "_x": 0, "_y": -1}, {"_time": 159.815, "_x": 0, "_y": -1}, {"_time": 159.844, "_x": 0, "_y": 0}, {"_time": 159.873, "_x": 0, "_y": 0}, {"_time": 159.903, "_x": 0, "_y": 1}, {"_time": 159.932, "_x": 0, "_y": 1}, {"_time": 159.961, "_x": 1, "_y": 1}, {"_time": 160.196, "_x": 1, "_y": -1}, {"_time": 160.43, "_x": -1, "_y": -1}, {"_time": 160.664, "_x": -1, "_y": 1}, {"_time": 160.899, "_x": 1, "_y": 1}, {"_time": 161.133, "_x": 0, "_y": -1}, {"_time": 161.367, "_x": -1, "_y": 1}, {"_time": 161.485, "_x": 1, "_y": 0}, {"_time": 161.543, "_x": 0, "_y": 0}, {"_time": 161.602, "_x": -1, "_y": 0}, {"_time": 161.719, "_x": 1, "_y": -1}, {"_time": 161.778, "_x": 1, "_y": 0}, {"_time": 161.836, "_x": 1, "_y": 1}, {"_time": 161.953, "_x": 0, "_y": -1}, {"_time": 162.07, "_x": -1, "_y": 1}, {"_time": 162.188, "_x": 1, "_y": -1}, {"_time": 162.305, "_x": 0, "_y": 1}, {"_time": 162.422, "_x": -1, "_y": -1}, {"_time": 162.539, "_x": 1, "_y": 1}, {"_time": 162.656, "_x": -1, "_y": -1}, {"_time": 162.774, "_x": 1, "_y": 0}, {"_time": 163.008, "_x": -1, "_y": 1}, {"_time": 163.067, "_x": -1, "_y": 0}, {"_time": 163.125, "_x": -1, "_y": -1}, {"_time": 163.184, "_x": 0, "_y": -1}, {"_time": 163.242, "_x": 0, "_y": 0}, {"_time": 163.301, "_x": 0, "_y": 1}, {"_time": 163.36, "_x": 1, "_y": 1}, {"_time": 163.389, "_x": 1, "_y": 1}, {"_time": 163.418, "_x": 1, "_y": 0}, {"_time": 163.447, "_x": 1, "_y": 0}, {"_time": 163.477, "_x": 1, "_y": -1}, {"_time": 163.506, "_x": 1, "_y": -1}, {"_time": 163.535, "_x": 0, "_y": -1}, {"_time": 163.565, "_x": 0, "_y": -1}, {"_time": 163.594, "_x": -1, "_y": -1}, {"_time": 163.623, "_x": -1, "_y": -1}, {"_time": 163.653, "_x": -1, "_y": 0}, {"_time": 163.682, "_x": -1, "_y": 0}, {"_time": 163.711, "_x": -1, "_y": 1}, {"_time": 164.063, "_x": 1, "_y": 1}, {"_time": 164.414, "_x": 1, "_y": -1}, {"_time": 164.766, "_x": -1, "_y": -1}, {"_time": 165.117, "_x": -1, "_y": 1}, {"_time": 165.703, "_x": 1, "_y": 0}, {"_time": 166.055, "_x": -1, "_y": -1}, {"_time": 166.406, "_x": 0, "_y": 1}, {"_time": 166.758, "_x": 1, "_y": -1}, {"_time": 166.992, "_x": -1, "_y": 0}, {"_time": 167.11, "_x": 1, "_y": 0}, {"_time": 167.227, "_x": -1, "_y": 1}, {"_time": 167.285, "_x": -1, "_y": 0}, {"_time": 167.344, "_x": -1, "_y": -1}, {"_time": 167.403, "_x": 0, "_y": -1}, {"_time": 167.461, "_x": 1, "_y": -1}, {"_time": 167.813, "_x": 1, "_y": 1}, {"_time": 168.164, "_x": -1, "_y": 1}, {"_time": 168.516, "_x": -1, "_y": -1}, {"_time": 168.867, "_x": 1, "_y": -1}, {"_time": 169.453, "_x": 0, "_y": 1}, {"_time": 169.805, "_x": -1, "_y": 0}, {"_time": 170.156, "_x": 0, "_y": -1}, {"_time": 170.508, "_x": 1, "_y": 0}, {"_time": 170.625, "_x": -1, "_y": 0}, {"_time": 170.742, "_x": 1, "_y": 1}, {"_time": 170.86, "_x": 1, "_y": -1}, {"_time": 170.918, "_x": 0, "_y": -1}, {"_time": 170.977, "_x": -1, "_y": -1}, {"_time": 171.035, "_x": -1, "_y": 0}, {"_time": 171.094, "_x": -1, "_y": 1}, {"_time": 171.211, "_x": 1, "_y": 1}, {"_time": 171.328, "_x": 0, "_y": -1}, {"_time": 171.563, "_x": -1, "_y": 1}, {"_time": 171.68, "_x": 1, "_y": 0}, {"_time": 171.914, "_x": -1, "_y": -1}, {"_time": 172.031, "_x": -1, "_y": 1}, {"_time": 172.266, "_x": 1, "_y": 1}, {"_time": 172.383, "_x": 1, "_y": -1}, {"_time": 172.617, "_x": -1, "_y": -1}, {"_time": 172.735, "_x": -1, "_y": 1}, {"_time": 172.852, "_x": 1, "_y": 1}, {"_time": 172.91, "_x": 1, "_y": 0}, {"_time": 172.969, "_x": 1, "_y": -1}, {"_time": 173.028, "_x": 0, "_y": -1}, {"_time": 173.086, "_x": -1, "_y": -1}, {"_time": 173.145, "_x": -1, "_y": 0}, {"_time": 173.203, "_x": -1, "_y": 1}, {"_time": 173.32, "_x": 1, "_y": 0}, {"_time": 173.555, "_x": -1, "_y": -1}, {"_time": 173.672, "_x": 0, "_y": 1}, {"_time": 173.906, "_x": 1, "_y": -1}, {"_time": 174.024, "_x": -1, "_y": 0}, {"_time": 174.258, "_x": 1, "_y": 1}, {"_time": 174.375, "_x": 0, "_y": -1}, {"_time": 174.492, "_x": -1, "_y": 1}, {"_time": 174.61, "_x": 1, "_y": -1}, {"_time": 174.727, "_x": -1, "_y": -1}, {"_time": 174.785, "_x": -1, "_y": 0}, {"_time": 174.844, "_x": -1, "_y": 1}, {"_time": 174.903, "_x": 0, "_y": 1}, {"_time": 174.961, "_x": 1, "_y": 1}, {"_time": 175.078, "_x": 0, "_y": -1}, {"_time": 175.196, "_x": -1, "_y": 1}, {"_time": 175.254, "_x": 0, "_y": 1}, {"_time": 175.313, "_x": 1, "_y": 1}, {"_time": 175.43, "_x": -1, "_y": -1}, {"_time": 175.547, "_x": 1, "_y": 1}, {"_time": 175.606, "_x": 1, "_y": 0}, {"_time": 175.664, "_x": 1, "_y": -1}, {"_time": 175.781, "_x": -1, "_y": 0}, {"_time": 175.899, "_x": 1, "_y": 1}, {"_time": 175.957, "_x": 0, "_y": 1}, {"_time": 176.016, "_x": -1, "_y": 1}, {"_time": 176.133, "_x": 0, "_y": -1}, {"_time": 176.25, "_x": 1, "_y": 1}, {"_time": 176.309, "_x": 0, "_y": 1}, {"_time": 176.367, "_x": 0, "_y": 0}, {"_time": 176.426, "_x": 0, "_y": -1}, {"_time": 176.485, "_x": -1, "_y": -1}, {"_time": 176.602, "_x": 0, "_y": 1}, {"_time": 176.719, "_x": 1, "_y": -1}, {"_time": 176.778, "_x": 0, "_y": -1}, {"_time": 176.836, "_x": -1, "_y": -1}, {"_time": 176.953, "_x": 0, "_y": 1}, {"_time": 177.012, "_x": 0, "_y": 0}, {"_time": 177.07, "_x": 0, "_y": -1}, {"_time": 177.188, "_x": -1, "_y": 1}, {"_time": 177.305, "_x": 1, "_y": -1}, {"_time": 177.363, "_x": 1, "_y": 0}, {"_time": 177.422, "_x": 1, "_y": 1}, {"_time": 177.539, "_x": -1, "_y": 0}, {"_time": 177.656, "_x": 1, "_y": -1}, {"_time": 177.715, "_x": 0, "_y": -1}, {"_time": 177.774, "_x": -1, "_y": -1}, {"_time": 177.891, "_x": 0, "_y": 1}, {"_time": 178.008, "_x": 1, "_y": -1}, {"_time": 178.067, "_x": 1, "_y": 0}, {"_time": 178.125, "_x": 1, "_y": 1}, {"_time": 178.242, "_x": -1, "_y": 1}, {"_time": 178.301, "_x": -1, "_y": 0}, {"_time": 178.36, "_x": -1, "_y": -1}, {"_time": 178.418, "_x": 0, "_y": -1}, {"_time": 178.477, "_x": 1, "_y": -1}, {"_time": 178.535, "_x": 1, "_y": 0}, {"_time": 178.594, "_x": 0, "_y": 0}, {"_time": 178.653, "_x": -1, "_y": 0}, {"_time": 178.711, "_x": -1, "_y": 1}, {"_time": 178.828, "_x": 1, "_y": -1}, {"_time": 178.946, "_x": 0, "_y": 1}, {"_time": 179.063, "_x": 0, "_y": -1}, {"_time": 179.18, "_x": 1, "_y": 1}, {"_time": 179.297, "_x": -1, "_y": -1}, {"_time": 179.414, "_x": 1, "_y": 0}, {"_time": 179.531, "_x": -1, "_y": 0}, {"_time": 179.649, "_x": 1, "_y": -1}, {"_time": 179.766, "_x": -1, "_y": 1}, {"_time": 179.883, "_x": 0, "_y": -1}, {"_time": 180, "_x": 0, "_y": 1}, {"_time": 180.117, "_x": -1, "_y": -1}, {"_time": 180.235, "_x": 1, "_y": 1}, {"_time": 180.352, "_x": -1, "_y": 0}, {"_time": 180.469, "_x": 1, "_y": 0}, {"_time": 180.586, "_x": -1, "_y": 1}, {"_time": 180.703, "_x": 0, "_y": -1}, {"_time": 180.82, "_x": 1, "_y": 1}, {"_time": 180.879, "_x": 0, "_y": 1}, {"_time": 180.938, "_x": -1, "_y": 1}, {"_time": 181.055, "_x": -1, "_y": -1}, {"_time": 181.172, "_x": 0, "_y": 1}, {"_time": 181.289, "_x": 0, "_y": -1}, {"_time": 181.406, "_x": 1, "_y": 1}, {"_time": 181.524, "_x": 1, "_y": -1}, {"_time": 181.641, "_x": 0, "_y": 1}, {"_time": 181.758, "_x": 0, "_y": -1}, {"_time": 181.875, "_x": -1, "_y": 1}, {"_time": 181.992, "_x": -1, "_y": -1}, {"_time": 182.11, "_x": 1, "_y": -1}, {"_time": 182.227, "_x": 1, "_y": 1}, {"_time": 182.344, "_x": -1, "_y": 1}, {"_time": 182.403, "_x": -1, "_y": 0}, {"_time": 182.461, "_x": -1, "_y": -1}, {"_time": 182.49, "_x": -1, "_y": -1}, {"_time": 182.52, "_x": 0, "_y": -1}, {"_time": 182.549, "_x": 0, "_y": -1}, {"_time": 182.578, "_x": 1, "_y": -1}, {"_time": 182.696, "_x": 0, "_y": 1}, {"_time": 182.813, "_x": -1, "_y": -1}, {"_time": 182.93, "_x": 1, "_y": 0}, {"_time": 183.047, "_x": -1, "_y": 1}, {"_time": 183.164, "_x": 0, "_y": -1}, {"_time": 183.281, "_x": 1, "_y": 1}, {"_time": 183.399, "_x": -1, "_y": 0}, {"_time": 183.516, "_x": 1, "_y": -1}, {"_time": 183.633, "_x": 0, "_y": 1}, {"_time": 183.75, "_x": -1, "_y": -1}, {"_time": 183.867, "_x": 1, "_y": 0}, {"_time": 183.985, "_x": -1, "_y": 1}, {"_time": 184.102, "_x": 0, "_y": -1}, {"_time": 184.219, "_x": 1, "_y": 1}, {"_time": 184.336, "_x": -1, "_y": -1}, {"_time": 184.453, "_x": 0, "_y": 1}, {"_time": 184.57, "_x": 0, "_y": -1}, {"_time": 184.688, "_x": -1, "_y": 1}, {"_time": 184.805, "_x": 1, "_y": -1}, {"_time": 184.922, "_x": -1, "_y": 0}, {"_time": 185.039, "_x": 1, "_y": 0}, {"_time": 185.156, "_x": -1, "_y": -1}, {"_time": 185.274, "_x": 1, "_y": 1}, {"_time": 185.332, "_x": 1, "_y": 1}, {"_time": 185.391, "_x": 0, "_y": -1}, {"_time": 185.449, "_x": 0, "_y": -1}, {"_time": 185.508, "_x": -1, "_y": 1}, {"_time": 185.567, "_x": -1, "_y": 1}, {"_time": 185.625, "_x": 1, "_y": 0}, {"_time": 185.684, "_x": 1, "_y": 0}, {"_time": 185.742, "_x": -1, "_y": -1}, {"_time": 185.86, "_x": -1, "_y": 1}, {"_time": 185.977, "_x": 1, "_y": 1}, {"_time": 186.035, "_x": 1, "_y": 0}, {"_time": 186.094, "_x": 1, "_y": -1}, {"_time": 186.153, "_x": 0, "_y": -1}, {"_time": 186.211, "_x": -1, "_y": -1}, {"_time": 186.446, "_x": -1, "_y": 1}, {"_time": 186.68, "_x": 0, "_y": -1}, {"_time": 186.914, "_x": 0, "_y": 1}, {"_time": 187.149, "_x": 1, "_y": -1}, {"_time": 187.383, "_x": 1, "_y": 1}, {"_time": 187.617, "_x": 0, "_y": -1}, {"_time": 187.852, "_x": 0, "_y": 1}, {"_time": 188.086, "_x": -1, "_y": -1}, {"_time": 188.203, "_x": 1, "_y": 1}, {"_time": 188.262, "_x": 1, "_y": 0}, {"_time": 188.32, "_x": 1, "_y": -1}, {"_time": 188.555, "_x": -1, "_y": 1}, {"_time": 188.789, "_x": 0, "_y": -1}, {"_time": 189.024, "_x": 0, "_y": 1}, {"_time": 189.258, "_x": -1, "_y": -1}, {"_time": 189.492, "_x": 1, "_y": 1}, {"_time": 189.727, "_x": -1, "_y": 0}, {"_time": 189.844, "_x": 1, "_y": 0}, {"_time": 189.961, "_x": -1, "_y": -1}, {"_time": 190.078, "_x": 0, "_y": 1}, {"_time": 190.137, "_x": 0, "_y": 0}, {"_time": 190.196, "_x": 0, "_y": -1}, {"_time": 190.43, "_x": -1, "_y": 1}, {"_time": 190.664, "_x": 1, "_y": 1}, {"_time": 190.899, "_x": -1, "_y": 0}, {"_time": 191.133, "_x": 1, "_y": 0}, {"_time": 191.367, "_x": -1, "_y": -1}, {"_time": 191.602, "_x": 1, "_y": -1}, {"_time": 191.836, "_x": -1, "_y": 0}, {"_time": 192.07, "_x": 1, "_y": 0}, {"_time": 192.305, "_x": -1, "_y": 1}, {"_time": 192.539, "_x": 1, "_y": 1}, {"_time": 192.774, "_x": -1, "_y": 0}, {"_time": 192.832, "_x": -1, "_y": 0}, {"_time": 192.891, "_x": 1, "_y": -1}, {"_time": 192.949, "_x": 1, "_y": -1}, {"_time": 193.008, "_x": 0, "_y": 1}, {"_time": 193.067, "_x": 0, "_y": 1}, {"_time": 193.125, "_x": -1, "_y": -1}, {"_time": 193.242, "_x": 1, "_y": -1}, {"_time": 193.301, "_x": 1, "_y": 0}, {"_time": 193.36, "_x": 1, "_y": 1}, {"_time": 193.418, "_x": 0, "_y": 1}, {"_time": 193.477, "_x": -1, "_y": 1}, {"_time": 193.506, "_x": -1, "_y": 1}, {"_time": 193.535, "_x": -1, "_y": 0}, {"_time": 193.565, "_x": -1, "_y": 0}, {"_time": 193.594, "_x": -1, "_y": -1}, {"_time": 193.623, "_x": -1, "_y": -1}, {"_time": 193.653, "_x": 0, "_y": -1}, {"_time": 193.682, "_x": 0, "_y": -1}, {"_time": 193.711, "_x": 1, "_y": -1}, {"_time": 194.18, "_x": 1, "_y": -1}, {"_time": 194.649, "_x": 1, "_y": -1}, {"_time": 195.117, "_x": 1, "_y": -1}, {"_time": 195.586, "_x": 1, "_y": -1}, {"_time": 196.055, "_x": 1, "_y": -1}, {"_time": 196.524, "_x": 1, "_y": -1}, {"_time": 196.992, "_x": 1, "_y": -1}, {"_time": 197.461, "_x": 1, "_y": -1}, {"_time": 197.93, "_x": 1, "_y": -1}, {"_time": 198.399, "_x": 1, "_y": -1}, {"_time": 198.867, "_x": 1, "_y": -1}, {"_time": 199.336, "_x": 1, "_y": -1}, {"_time": 199.805, "_x": 1, "_y": -1}]}