{"_approachDistance": 50, "_approachTime": 1, "_name": "Logic", "_notes": [{"_time": 0.450000018, "_x": 1, "_y": 1}, {"_time": 0.65, "_x": 0, "_y": 1}, {"_time": 0.85, "_x": 0, "_y": 0}, {"_time": 1.05, "_x": 1, "_y": -1}, {"_time": 1.15, "_x": 1, "_y": 0}, {"_time": 1.25, "_x": 1, "_y": 1}, {"_time": 1.45, "_x": 0, "_y": 1}, {"_time": 1.65, "_x": -1, "_y": 0}, {"_time": 1.75, "_x": -1, "_y": -1}, {"_time": 1.85, "_x": 0, "_y": -1}, {"_time": 1.95, "_x": 0, "_y": 0}, {"_time": 2.05, "_x": 1, "_y": 1}, {"_time": 2.25, "_x": 1, "_y": 0}, {"_time": 2.45, "_x": 0, "_y": -1}, {"_time": 2.55, "_x": 0, "_y": 0}, {"_time": 2.65, "_x": -1, "_y": 1}, {"_time": 2.85, "_x": -1, "_y": 0}, {"_time": 3.05, "_x": 1, "_y": -1}, {"_time": 3.25, "_x": 1, "_y": 0}, {"_time": 3.35, "_x": 1, "_y": 1}, {"_time": 3.45, "_x": 0, "_y": 1}, {"_time": 3.55, "_x": 0, "_y": 0}, {"_time": 3.65, "_x": -1, "_y": -1}, {"_time": 3.85, "_x": -1, "_y": 0}, {"_time": 4.05, "_x": 0, "_y": 1}, {"_time": 4.25, "_x": 1, "_y": -1}, {"_time": 4.35, "_x": 0, "_y": -1}, {"_time": 4.45, "_x": 0, "_y": 0}, {"_time": 4.65, "_x": -1, "_y": 1}, {"_time": 4.85, "_x": 0, "_y": 1}, {"_time": 4.95, "_x": 1, "_y": 1}, {"_time": 5.05, "_x": 1, "_y": 0}, {"_time": 5.15, "_x": 0, "_y": 0}, {"_time": 5.25, "_x": -1, "_y": -1}, {"_time": 5.45, "_x": -1, "_y": 0}, {"_time": 5.65, "_x": 0, "_y": 1}, {"_time": 5.75, "_x": 1, "_y": 0}, {"_time": 5.85, "_x": 1, "_y": -1}, {"_time": 6.05, "_x": 0, "_y": -1}, {"_time": 6.25, "_x": -1, "_y": -1}, {"_time": 6.45, "_x": -1, "_y": 0}, {"_time": 6.65, "_x": -1, "_y": 1}, {"_time": 6.85, "_x": 1, "_y": 1}, {"_time": 7.05, "_x": 0, "_y": -1}, {"_time": 7.25, "_x": -1, "_y": 1}, {"_time": 7.45, "_x": 1, "_y": -1}, {"_time": 7.55, "_x": 1, "_y": 0}, {"_time": 7.65, "_x": 1, "_y": 1}, {"_time": 7.85, "_x": -1, "_y": -1}, {"_time": 8.05, "_x": 1, "_y": 1}, {"_time": 8.15, "_x": 1, "_y": 0}, {"_time": 8.25, "_x": 0, "_y": -1}, {"_time": 8.35, "_x": 0, "_y": 0}, {"_time": 8.45, "_x": -1, "_y": 1}, {"_time": 8.65, "_x": -1, "_y": -1}, {"_time": 8.85, "_x": 1, "_y": 0}, {"_time": 8.95, "_x": 0, "_y": 0}, {"_time": 9.05, "_x": -1, "_y": 0}, {"_time": 9.25, "_x": 1, "_y": -1}, {"_time": 9.45, "_x": 0, "_y": 1}, {"_time": 9.65, "_x": -1, "_y": -1}, {"_time": 9.75, "_x": 0, "_y": -1}, {"_time": 9.85, "_x": 1, "_y": -1}, {"_time": 9.95, "_x": 1, "_y": 0}, {"_time": 10.05, "_x": 1, "_y": 1}, {"_time": 10.25, "_x": -1, "_y": 0}, {"_time": 10.45, "_x": 1, "_y": -1}, {"_time": 10.65, "_x": 0, "_y": 1}, {"_time": 10.75, "_x": 0, "_y": 0}, {"_time": 10.85, "_x": 0, "_y": -1}, {"_time": 11.05, "_x": -1, "_y": 1}, {"_time": 11.25, "_x": 1, "_y": -1}, {"_time": 11.35, "_x": 1, "_y": 0}, {"_time": 11.45, "_x": 0, "_y": 1}, {"_time": 11.55, "_x": 0, "_y": 0}, {"_time": 11.65, "_x": -1, "_y": -1}, {"_time": 11.85, "_x": -1, "_y": 1}, {"_time": 12.05, "_x": 1, "_y": 0}, {"_time": 12.15, "_x": 0, "_y": 0}, {"_time": 12.25, "_x": -1, "_y": 0}, {"_time": 12.45, "_x": 1, "_y": -1}, {"_time": 13.25, "_x": -1, "_y": 1}, {"_time": 13.45, "_x": -1, "_y": 0}, {"_time": 13.65, "_x": -1, "_y": -1}, {"_time": 13.85, "_x": 0, "_y": -1}, {"_time": 13.95, "_x": 0, "_y": 0}, {"_time": 14.05, "_x": 1, "_y": 1}, {"_time": 14.25, "_x": 1, "_y": 0}, {"_time": 14.45, "_x": 0, "_y": -1}, {"_time": 14.55, "_x": 0, "_y": 0}, {"_time": 14.65, "_x": -1, "_y": 1}, {"_time": 14.75, "_x": -1, "_y": 0}, {"_time": 14.85, "_x": 1, "_y": -1}, {"_time": 15.05, "_x": 1, "_y": 0}, {"_time": 15.25, "_x": 1, "_y": 1}, {"_time": 15.35, "_x": 0, "_y": 1}, {"_time": 15.45, "_x": 0, "_y": 0}, {"_time": 15.65, "_x": -1, "_y": -1}, {"_time": 15.85, "_x": 0, "_y": -1}, {"_time": 16.05, "_x": 1, "_y": 0}, {"_time": 16.15, "_x": 1, "_y": 1}, {"_time": 16.25, "_x": 0, "_y": 1}, {"_time": 16.35, "_x": -1, "_y": 0}, {"_time": 16.45, "_x": 0, "_y": -1}, {"_time": 16.65, "_x": 1, "_y": 1}, {"_time": 16.85, "_x": -1, "_y": -1}, {"_time": 17.05, "_x": 1, "_y": 0}, {"_time": 17.15, "_x": 0, "_y": 0}, {"_time": 17.25, "_x": -1, "_y": 0}, {"_time": 17.45, "_x": 1, "_y": 1}, {"_time": 17.65, "_x": -1, "_y": -1}, {"_time": 17.75, "_x": -1, "_y": 0}, {"_time": 17.85, "_x": 0, "_y": 1}, {"_time": 17.95, "_x": 0, "_y": 0}, {"_time": 18.05, "_x": 1, "_y": -1}, {"_time": 18.25, "_x": 1, "_y": 1}, {"_time": 18.45, "_x": 0, "_y": -1}, {"_time": 18.55, "_x": 0, "_y": 0}, {"_time": 18.65, "_x": 0, "_y": 1}, {"_time": 18.85, "_x": -1, "_y": -1}, {"_time": 18.9, "_x": 0, "_y": -1}, {"_time": 18.95, "_x": 1, "_y": -1}, {"_time": 19, "_x": 1, "_y": 0}, {"_time": 19.05, "_x": 0, "_y": 0}, {"_time": 19.1, "_x": -1, "_y": 0}, {"_time": 19.15, "_x": -1, "_y": 1}, {"_time": 19.2, "_x": 0, "_y": 1}, {"_time": 19.25, "_x": 0, "_y": 0}, {"_time": 19.3, "_x": 0, "_y": -1}, {"_time": 19.35, "_x": 1, "_y": -1}, {"_time": 19.4, "_x": 1, "_y": 0}, {"_time": 19.45, "_x": 0, "_y": 0}, {"_time": 19.5, "_x": -1, "_y": 0}, {"_time": 19.55, "_x": -1, "_y": 1}, {"_time": 19.6, "_x": 0, "_y": 1}, {"_time": 19.65, "_x": 1, "_y": 1}, {"_time": 19.85, "_x": 0, "_y": -1}, {"_time": 20.05, "_x": -1, "_y": 1}, {"_time": 20.25, "_x": 1, "_y": 0}, {"_time": 20.35, "_x": 0, "_y": 0}, {"_time": 20.45, "_x": -1, "_y": 0}, {"_time": 20.65, "_x": 1, "_y": -1}, {"_time": 20.85, "_x": -1, "_y": 1}, {"_time": 20.95, "_x": -1, "_y": 0}, {"_time": 21.05, "_x": 0, "_y": -1}, {"_time": 21.15, "_x": 0, "_y": 0}, {"_time": 21.25, "_x": 1, "_y": 1}, {"_time": 21.45, "_x": 1, "_y": -1}, {"_time": 21.65, "_x": -1, "_y": 0}, {"_time": 21.75, "_x": 0, "_y": 0}, {"_time": 21.85, "_x": 1, "_y": 0}, {"_time": 22.05, "_x": -1, "_y": 1}, {"_time": 22.25, "_x": 0, "_y": -1}, {"_time": 22.45, "_x": 1, "_y": 1}, {"_time": 22.55, "_x": 1, "_y": 0}, {"_time": 22.65, "_x": 0, "_y": -1}, {"_time": 22.75, "_x": 0, "_y": 0}, {"_time": 22.85, "_x": -1, "_y": 1}, {"_time": 23.05, "_x": -1, "_y": -1}, {"_time": 23.25, "_x": 0, "_y": 1}, {"_time": 23.45, "_x": 1, "_y": -1}, {"_time": 23.55, "_x": 1, "_y": 0}, {"_time": 23.65, "_x": 1, "_y": 1}, {"_time": 23.85, "_x": 0, "_y": -1}, {"_time": 24.05, "_x": -1, "_y": 1}, {"_time": 24.15, "_x": -1, "_y": 0}, {"_time": 24.25, "_x": 0, "_y": -1}, {"_time": 24.35, "_x": 0, "_y": 0}, {"_time": 24.45, "_x": 1, "_y": 1}, {"_time": 24.65, "_x": 1, "_y": -1}, {"_time": 24.85, "_x": -1, "_y": 1}, {"_time": 24.95, "_x": -1, "_y": 0}, {"_time": 25.05, "_x": -1, "_y": -1}, {"_time": 25.25, "_x": 1, "_y": 0}, {"_time": 26.05, "_x": -1, "_y": 1}, {"_time": 26.15, "_x": 0, "_y": -1}, {"_time": 26.25, "_x": 1, "_y": 1}, {"_time": 26.35, "_x": -1, "_y": 0}, {"_time": 26.45, "_x": 1, "_y": -1}, {"_time": 26.55, "_x": 0, "_y": 1}, {"_time": 26.65, "_x": -1, "_y": -1}, {"_time": 26.75, "_x": 1, "_y": 0}, {"_time": 26.85, "_x": -1, "_y": 1}, {"_time": 26.9, "_x": -1, "_y": 0}, {"_time": 26.95, "_x": -1, "_y": -1}, {"_time": 27, "_x": 0, "_y": -1}, {"_time": 27.05, "_x": 0, "_y": 0}, {"_time": 27.1, "_x": 0, "_y": 1}, {"_time": 27.15, "_x": 1, "_y": 1}, {"_time": 27.2, "_x": 1, "_y": 0}, {"_time": 27.25, "_x": 1, "_y": -1}, {"_time": 27.3, "_x": 0, "_y": -1}, {"_time": 27.35, "_x": -1, "_y": -1}, {"_time": 27.4, "_x": -1, "_y": 0}, {"_time": 27.45, "_x": 0, "_y": 0}, {"_time": 27.5, "_x": 1, "_y": 0}, {"_time": 27.55, "_x": 1, "_y": 1}, {"_time": 27.6, "_x": 0, "_y": 1}, {"_time": 27.65, "_x": -1, "_y": 1}, {"_time": 27.75, "_x": -1, "_y": -1}, {"_time": 27.85, "_x": 0, "_y": 1}, {"_time": 27.95, "_x": 0, "_y": -1}, {"_time": 28.05, "_x": 1, "_y": 1}, {"_time": 28.15, "_x": 1, "_y": -1}, {"_time": 28.25, "_x": 0, "_y": 1}, {"_time": 28.35, "_x": 0, "_y": -1}, {"_time": 28.45, "_x": -1, "_y": 1}, {"_time": 28.5, "_x": 0, "_y": 1}, {"_time": 28.55, "_x": 1, "_y": 1}, {"_time": 28.6, "_x": 1, "_y": 0}, {"_time": 28.65, "_x": 0, "_y": 0}, {"_time": 28.7, "_x": -1, "_y": 0}, {"_time": 28.75, "_x": -1, "_y": -1}, {"_time": 28.8, "_x": 0, "_y": -1}, {"_time": 28.85, "_x": 1, "_y": -1}, {"_time": 28.9, "_x": 1, "_y": 0}, {"_time": 28.95, "_x": 1, "_y": 1}, {"_time": 29, "_x": 0, "_y": 1}, {"_time": 29.05, "_x": 0, "_y": 0}, {"_time": 29.1, "_x": 0, "_y": -1}, {"_time": 29.15, "_x": -1, "_y": -1}, {"_time": 29.2, "_x": -1, "_y": 0}, {"_time": 29.25, "_x": -1, "_y": 1}, {"_time": 29.35, "_x": 1, "_y": 0}, {"_time": 29.45, "_x": -1, "_y": -1}, {"_time": 29.55, "_x": 0, "_y": 1}, {"_time": 29.65, "_x": 1, "_y": -1}, {"_time": 29.75, "_x": -1, "_y": 1}, {"_time": 29.85, "_x": 0, "_y": -1}, {"_time": 29.95, "_x": 1, "_y": 1}, {"_time": 30.05, "_x": -1, "_y": -1}, {"_time": 30.15, "_x": 1, "_y": 0}, {"_time": 30.25, "_x": -1, "_y": 1}, {"_time": 30.35, "_x": 0, "_y": -1}, {"_time": 30.45, "_x": 1, "_y": 1}, {"_time": 30.5, "_x": 1, "_y": 0}, {"_time": 30.55, "_x": 0, "_y": -1}, {"_time": 30.6, "_x": 0, "_y": 0}, {"_time": 30.65, "_x": -1, "_y": 1}, {"_time": 30.7, "_x": -1, "_y": 0}, {"_time": 30.75, "_x": 0, "_y": -1}, {"_time": 30.8, "_x": 0, "_y": 0}, {"_time": 30.85, "_x": 1, "_y": 1}, {"_time": 30.95, "_x": -1, "_y": 1}, {"_time": 31.05, "_x": 1, "_y": 1}, {"_time": 31.15, "_x": -1, "_y": 1}, {"_time": 31.25, "_x": 1, "_y": 1}, {"_time": 31.35, "_x": -1, "_y": 1}, {"_time": 31.45, "_x": 1, "_y": -1}, {"_time": 31.55, "_x": -1, "_y": -1}, {"_time": 31.65, "_x": 1, "_y": -1}, {"_time": 31.85, "_x": -1, "_y": 0}, {"_time": 32.05, "_x": 1, "_y": 1}, {"_time": 32.25, "_x": -1, "_y": -1}, {"_time": 32.275, "_x": -1, "_y": -1}, {"_time": 32.3, "_x": -1, "_y": 0}, {"_time": 32.325, "_x": -1, "_y": 0}, {"_time": 32.35, "_x": 0, "_y": 1}, {"_time": 32.375, "_x": 0, "_y": 1}, {"_time": 32.4, "_x": 0, "_y": 0}, {"_time": 32.425, "_x": 0, "_y": 0}, {"_time": 32.45, "_x": 1, "_y": -1}, {"_time": 32.55, "_x": 0, "_y": 1}, {"_time": 32.65, "_x": -1, "_y": -1}, {"_time": 32.75, "_x": 1, "_y": 0}, {"_time": 32.85, "_x": -1, "_y": 1}, {"_time": 32.95, "_x": 0, "_y": -1}, {"_time": 33.05, "_x": 1, "_y": 1}, {"_time": 33.15, "_x": -1, "_y": 0}, {"_time": 33.25, "_x": 1, "_y": -1}, {"_time": 33.3, "_x": 1, "_y": 0}, {"_time": 33.35, "_x": 1, "_y": 1}, {"_time": 33.4, "_x": 0, "_y": 1}, {"_time": 33.45, "_x": -1, "_y": 1}, {"_time": 33.5, "_x": -1, "_y": 0}, {"_time": 33.55, "_x": -1, "_y": -1}, {"_time": 33.6, "_x": 0, "_y": -1}, {"_time": 33.65, "_x": 1, "_y": -1}, {"_time": 33.7, "_x": 1, "_y": 0}, {"_time": 33.75, "_x": 0, "_y": 0}, {"_time": 33.8, "_x": -1, "_y": 0}, {"_time": 33.85, "_x": -1, "_y": 1}, {"_time": 33.9, "_x": 0, "_y": 1}, {"_time": 33.95, "_x": 1, "_y": 1}, {"_time": 34, "_x": 1, "_y": 0}, {"_time": 34.05, "_x": 1, "_y": -1}, {"_time": 34.15, "_x": -1, "_y": -1}, {"_time": 34.25, "_x": 1, "_y": 0}, {"_time": 34.35, "_x": -1, "_y": 0}, {"_time": 34.45, "_x": 1, "_y": 1}, {"_time": 34.55, "_x": -1, "_y": 1}, {"_time": 34.65, "_x": 1, "_y": 0}, {"_time": 34.75, "_x": -1, "_y": 0}, {"_time": 34.85, "_x": 1, "_y": -1}, {"_time": 34.9, "_x": 1, "_y": 0}, {"_time": 34.95, "_x": 1, "_y": 1}, {"_time": 35, "_x": 0, "_y": 1}, {"_time": 35.05, "_x": -1, "_y": 1}, {"_time": 35.1, "_x": -1, "_y": 0}, {"_time": 35.15, "_x": -1, "_y": -1}, {"_time": 35.2, "_x": 0, "_y": -1}, {"_time": 35.25, "_x": 0, "_y": 0}, {"_time": 35.3, "_x": 0, "_y": 1}, {"_time": 35.35, "_x": 1, "_y": 1}, {"_time": 35.4, "_x": 1, "_y": 0}, {"_time": 35.45, "_x": 1, "_y": -1}, {"_time": 35.5, "_x": 0, "_y": -1}, {"_time": 35.55, "_x": -1, "_y": -1}, {"_time": 35.6, "_x": -1, "_y": 0}, {"_time": 35.65, "_x": -1, "_y": 1}, {"_time": 35.85, "_x": 1, "_y": 0}, {"_time": 36.05, "_x": -1, "_y": -1}, {"_time": 36.25, "_x": 0, "_y": 1}, {"_time": 36.3, "_x": 0, "_y": 0}, {"_time": 36.35, "_x": 0, "_y": -1}, {"_time": 36.45, "_x": -1, "_y": 1}, {"_time": 36.55, "_x": 1, "_y": -1}, {"_time": 36.65, "_x": -1, "_y": 0}, {"_time": 36.7, "_x": 0, "_y": 0}, {"_time": 36.75, "_x": 1, "_y": 0}, {"_time": 36.85, "_x": -1, "_y": -1}, {"_time": 37.05, "_x": 1, "_y": 1}, {"_time": 37.1, "_x": 1, "_y": 0}, {"_time": 37.15, "_x": 0, "_y": -1}, {"_time": 37.2, "_x": 0, "_y": 0}, {"_time": 37.25, "_x": -1, "_y": 1}, {"_time": 37.45, "_x": 0, "_y": -1}, {"_time": 37.65, "_x": 1, "_y": 1}, {"_time": 37.75, "_x": -1, "_y": -1}, {"_time": 37.85, "_x": 1, "_y": 0}, {"_time": 38.05, "_x": -1, "_y": 1}, {"_time": 38.85, "_x": 1, "_y": -1}, {"_time": 38.9, "_x": 1, "_y": 0}, {"_time": 38.95, "_x": 1, "_y": 1}, {"_time": 39, "_x": 0, "_y": 1}, {"_time": 39.05, "_x": 0, "_y": 0}, {"_time": 39.1, "_x": 0, "_y": -1}, {"_time": 39.15, "_x": -1, "_y": -1}, {"_time": 39.2, "_x": -1, "_y": 0}, {"_time": 39.25, "_x": -1, "_y": 1}, {"_time": 39.35, "_x": 1, "_y": 1}, {"_time": 39.45, "_x": -1, "_y": 1}, {"_time": 39.55, "_x": 1, "_y": 1}, {"_time": 39.65, "_x": -1, "_y": 1}, {"_time": 39.75, "_x": 1, "_y": 1}, {"_time": 39.8, "_x": 1, "_y": 0}, {"_time": 39.85, "_x": 1, "_y": -1}, {"_time": 39.9, "_x": 0, "_y": -1}, {"_time": 39.95, "_x": 0, "_y": 0}, {"_time": 40, "_x": 0, "_y": 1}, {"_time": 40.05, "_x": -1, "_y": 1}, {"_time": 40.075, "_x": -1, "_y": 1}, {"_time": 40.1, "_x": -1, "_y": 0}, {"_time": 40.125, "_x": -1, "_y": 0}, {"_time": 40.15, "_x": -1, "_y": -1}, {"_time": 40.175, "_x": -1, "_y": -1}, {"_time": 40.2, "_x": 0, "_y": -1}, {"_time": 40.225, "_x": 0, "_y": -1}, {"_time": 40.25, "_x": 1, "_y": -1}, {"_time": 40.35, "_x": 1, "_y": 1}, {"_time": 40.45, "_x": 1, "_y": -1}, {"_time": 40.55, "_x": 1, "_y": 1}, {"_time": 40.6, "_x": 0, "_y": 1}, {"_time": 40.65, "_x": -1, "_y": 1}, {"_time": 40.7, "_x": -1, "_y": 0}, {"_time": 40.75, "_x": 0, "_y": 0}, {"_time": 40.8, "_x": 1, "_y": 0}, {"_time": 40.85, "_x": 1, "_y": -1}, {"_time": 40.9, "_x": 0, "_y": -1}, {"_time": 40.95, "_x": -1, "_y": -1}, {"_time": 41, "_x": -1, "_y": 0}, {"_time": 41.05, "_x": 0, "_y": 0}, {"_time": 41.1, "_x": 1, "_y": 0}, {"_time": 41.15, "_x": 1, "_y": 1}, {"_time": 41.2, "_x": 0, "_y": 1}, {"_time": 41.25, "_x": -1, "_y": 1}, {"_time": 41.275, "_x": -1, "_y": 1}, {"_time": 41.3, "_x": -1, "_y": 0}, {"_time": 41.325, "_x": -1, "_y": 0}, {"_time": 41.35, "_x": 0, "_y": 0}, {"_time": 41.375, "_x": 0, "_y": 0}, {"_time": 41.4, "_x": 1, "_y": 0}, {"_time": 41.425, "_x": 1, "_y": 0}, {"_time": 41.45, "_x": 1, "_y": -1}, {"_time": 41.55, "_x": -1, "_y": -1}, {"_time": 41.65, "_x": 1, "_y": -1}, {"_time": 41.75, "_x": -1, "_y": -1}, {"_time": 41.85, "_x": 1, "_y": -1}, {"_time": 41.95, "_x": -1, "_y": -1}, {"_time": 42.05, "_x": 1, "_y": -1}, {"_time": 42.15, "_x": -1, "_y": -1}, {"_time": 42.2, "_x": -1, "_y": 0}, {"_time": 42.25, "_x": -1, "_y": 1}, {"_time": 42.3, "_x": 0, "_y": 1}, {"_time": 42.35, "_x": 0, "_y": 0}, {"_time": 42.4, "_x": 0, "_y": -1}, {"_time": 42.45, "_x": 1, "_y": -1}, {"_time": 42.475, "_x": 1, "_y": -1}, {"_time": 42.5, "_x": 1, "_y": 0}, {"_time": 42.525, "_x": 1, "_y": 0}, {"_time": 42.55, "_x": 1, "_y": 1}, {"_time": 42.575, "_x": 1, "_y": 1}, {"_time": 42.6, "_x": 0, "_y": 1}, {"_time": 42.625, "_x": 0, "_y": 1}, {"_time": 42.65, "_x": -1, "_y": 1}, {"_time": 42.75, "_x": -1, "_y": -1}, {"_time": 42.85, "_x": -1, "_y": 1}, {"_time": 42.95, "_x": -1, "_y": -1}, {"_time": 42.975, "_x": -1, "_y": -1}, {"_time": 43, "_x": 0, "_y": -1}, {"_time": 43.025, "_x": 0, "_y": -1}, {"_time": 43.05, "_x": 1, "_y": -1}, {"_time": 43.075, "_x": 1, "_y": -1}, {"_time": 43.1, "_x": 1, "_y": 0}, {"_time": 43.125, "_x": 1, "_y": 0}, {"_time": 43.15, "_x": 1, "_y": 1}, {"_time": 43.25, "_x": -1, "_y": 0}, {"_time": 43.35, "_x": 1, "_y": -1}, {"_time": 43.375, "_x": 1, "_y": -1}, {"_time": 43.4, "_x": 1, "_y": 0}, {"_time": 43.425, "_x": 1, "_y": 0}, {"_time": 43.45, "_x": 1, "_y": 1}, {"_time": 43.475, "_x": 1, "_y": 1}, {"_time": 43.5, "_x": 0, "_y": 1}, {"_time": 43.525, "_x": 0, "_y": 1}, {"_time": 43.55, "_x": -1, "_y": 1}, {"_time": 43.65, "_x": -1, "_y": -1}, {"_time": 43.75, "_x": -1, "_y": 1}, {"_time": 43.85, "_x": -1, "_y": -1}, {"_time": 43.95, "_x": -1, "_y": 1}, {"_time": 44.05, "_x": -1, "_y": -1}, {"_time": 44.075, "_x": -1, "_y": -1}, {"_time": 44.1, "_x": 0, "_y": -1}, {"_time": 44.125, "_x": 0, "_y": -1}, {"_time": 44.15, "_x": 1, "_y": -1}, {"_time": 44.175, "_x": 1, "_y": -1}, {"_time": 44.2, "_x": 1, "_y": 0}, {"_time": 44.225, "_x": 1, "_y": 0}, {"_time": 44.25, "_x": 1, "_y": 1}, {"_time": 44.35, "_x": -1, "_y": 1}, {"_time": 44.45, "_x": 1, "_y": 1}, {"_time": 44.55, "_x": -1, "_y": 1}, {"_time": 44.6, "_x": -1, "_y": 0}, {"_time": 44.65, "_x": -1, "_y": -1}, {"_time": 44.7, "_x": 0, "_y": -1}, {"_time": 44.75, "_x": 0, "_y": 0}, {"_time": 44.8, "_x": 0, "_y": 1}, {"_time": 44.85, "_x": 1, "_y": 1}, {"_time": 44.9, "_x": 1, "_y": 0}, {"_time": 44.95, "_x": 1, "_y": -1}, {"_time": 45.05, "_x": -1, "_y": -1}, {"_time": 45.15, "_x": 1, "_y": -1}, {"_time": 45.175, "_x": 1, "_y": -1}, {"_time": 45.2, "_x": 1, "_y": 0}, {"_time": 45.225, "_x": 1, "_y": 0}, {"_time": 45.25, "_x": 1, "_y": 1}, {"_time": 45.275, "_x": 1, "_y": 1}, {"_time": 45.3, "_x": 0, "_y": 1}, {"_time": 45.325, "_x": 0, "_y": 1}, {"_time": 45.35, "_x": -1, "_y": 1}, {"_time": 45.45, "_x": 0, "_y": -1}, {"_time": 45.55, "_x": 1, "_y": 1}, {"_time": 45.65, "_x": -1, "_y": 0}, {"_time": 45.75, "_x": 1, "_y": -1}, {"_time": 45.85, "_x": 0, "_y": 1}, {"_time": 45.95, "_x": -1, "_y": -1}, {"_time": 46.05, "_x": 1, "_y": 0}, {"_time": 46.15, "_x": -1, "_y": 1}, {"_time": 46.175, "_x": -1, "_y": 1}, {"_time": 46.2, "_x": -1, "_y": 0}, {"_time": 46.225, "_x": -1, "_y": 0}, {"_time": 46.25, "_x": -1, "_y": -1}, {"_time": 46.275, "_x": -1, "_y": -1}, {"_time": 46.3, "_x": 0, "_y": -1}, {"_time": 46.325, "_x": 0, "_y": -1}, {"_time": 46.35, "_x": 1, "_y": -1}, {"_time": 46.45, "_x": 1, "_y": 1}, {"_time": 46.475, "_x": 1, "_y": 1}, {"_time": 46.5, "_x": 0, "_y": 1}, {"_time": 46.525, "_x": 0, "_y": 1}, {"_time": 46.55, "_x": -1, "_y": 1}, {"_time": 46.575, "_x": -1, "_y": 1}, {"_time": 46.6, "_x": -1, "_y": 0}, {"_time": 46.625, "_x": -1, "_y": 0}, {"_time": 46.65, "_x": -1, "_y": -1}, {"_time": 46.75, "_x": 1, "_y": -1}, {"_time": 46.775, "_x": 1, "_y": -1}, {"_time": 46.8, "_x": 1, "_y": 0}, {"_time": 46.825, "_x": 1, "_y": 0}, {"_time": 46.85, "_x": 0, "_y": 0}, {"_time": 46.875, "_x": 0, "_y": 0}, {"_time": 46.9, "_x": -1, "_y": 0}, {"_time": 46.925, "_x": -1, "_y": 0}, {"_time": 46.95, "_x": -1, "_y": 1}, {"_time": 47.05, "_x": 1, "_y": 0}, {"_time": 47.15, "_x": -1, "_y": -1}, {"_time": 47.25, "_x": 0, "_y": 1}, {"_time": 47.35, "_x": 1, "_y": -1}, {"_time": 47.45, "_x": -1, "_y": 1}, {"_time": 47.55, "_x": 0, "_y": -1}, {"_time": 47.65, "_x": 1, "_y": 1}, {"_time": 47.675, "_x": 1, "_y": 1}, {"_time": 47.7, "_x": 0, "_y": 1}, {"_time": 47.725, "_x": 0, "_y": 1}, {"_time": 47.75, "_x": -1, "_y": 1}, {"_time": 47.775, "_x": -1, "_y": 1}, {"_time": 47.8, "_x": -1, "_y": 0}, {"_time": 47.825, "_x": -1, "_y": 0}, {"_time": 47.85, "_x": -1, "_y": -1}, {"_time": 47.95, "_x": 1, "_y": 0}, {"_time": 48.05, "_x": -1, "_y": 1}, {"_time": 48.15, "_x": 0, "_y": -1}, {"_time": 48.25, "_x": 1, "_y": 1}, {"_time": 48.3, "_x": 0, "_y": 1}, {"_time": 48.35, "_x": -1, "_y": 1}, {"_time": 48.4, "_x": -1, "_y": 0}, {"_time": 48.45, "_x": 0, "_y": 0}, {"_time": 48.5, "_x": 1, "_y": 0}, {"_time": 48.55, "_x": 1, "_y": -1}, {"_time": 48.6, "_x": 0, "_y": -1}, {"_time": 48.65, "_x": -1, "_y": -1}, {"_time": 48.75, "_x": 0, "_y": 1}, {"_time": 48.85, "_x": 1, "_y": -1}, {"_time": 48.875, "_x": 1, "_y": -1}, {"_time": 48.9, "_x": 0, "_y": -1}, {"_time": 48.925, "_x": 0, "_y": -1}, {"_time": 48.95, "_x": -1, "_y": -1}, {"_time": 48.975, "_x": -1, "_y": -1}, {"_time": 49, "_x": -1, "_y": 0}, {"_time": 49.025, "_x": -1, "_y": 0}, {"_time": 49.05, "_x": -1, "_y": 1}, {"_time": 49.15, "_x": 1, "_y": 1}, {"_time": 49.175, "_x": 1, "_y": 1}, {"_time": 49.2, "_x": 1, "_y": 0}, {"_time": 49.225, "_x": 1, "_y": 0}, {"_time": 49.25, "_x": 0, "_y": 0}, {"_time": 49.275, "_x": 0, "_y": 0}, {"_time": 49.3, "_x": -1, "_y": 0}, {"_time": 49.325, "_x": -1, "_y": 0}, {"_time": 49.35, "_x": -1, "_y": -1}, {"_time": 49.45, "_x": 1, "_y": -1}, {"_time": 49.475, "_x": 1, "_y": -1}, {"_time": 49.5, "_x": 1, "_y": 0}, {"_time": 49.525, "_x": 1, "_y": 0}, {"_time": 49.55, "_x": 1, "_y": 1}, {"_time": 49.575, "_x": 1, "_y": 1}, {"_time": 49.6, "_x": 0, "_y": 1}, {"_time": 49.625, "_x": 0, "_y": 1}, {"_time": 49.65, "_x": -1, "_y": 1}, {"_time": 49.75, "_x": 0, "_y": -1}, {"_time": 49.85, "_x": 1, "_y": 1}, {"_time": 49.95, "_x": -1, "_y": 0}, {"_time": 50.05, "_x": 1, "_y": -1}, {"_time": 50.1, "_x": 1, "_y": 0}, {"_time": 50.15, "_x": 1, "_y": 1}, {"_time": 50.2, "_x": 0, "_y": 1}, {"_time": 50.25, "_x": 0, "_y": 0}, {"_time": 50.3, "_x": 0, "_y": -1}, {"_time": 50.35, "_x": -1, "_y": -1}, {"_time": 50.375, "_x": -1, "_y": -1}, {"_time": 50.4, "_x": -1, "_y": 0}, {"_time": 50.425, "_x": -1, "_y": 0}, {"_time": 50.45, "_x": -1, "_y": 1}, {"_time": 50.475, "_x": -1, "_y": 1}, {"_time": 50.5, "_x": 0, "_y": 1}, {"_time": 50.525, "_x": 0, "_y": 1}, {"_time": 50.55, "_x": 1, "_y": 1}, {"_time": 50.65, "_x": 0, "_y": -1}, {"_time": 50.75, "_x": -1, "_y": 1}, {"_time": 50.85, "_x": 1, "_y": 0}, {"_time": 51.05, "_x": -1, "_y": 0}, {"_time": 51.25, "_x": 1, "_y": -1}, {"_time": 51.45, "_x": 0, "_y": 1}, {"_time": 51.65, "_x": -1, "_y": -1}, {"_time": 51.85, "_x": 0, "_y": -1}, {"_time": 52.05, "_x": 1, "_y": -1}, {"_time": 52.25, "_x": 1, "_y": 0}, {"_time": 52.45, "_x": 1, "_y": 1}, {"_time": 52.65, "_x": 0, "_y": 1}, {"_time": 52.85, "_x": 0, "_y": 0}, {"_time": 53.05, "_x": 0, "_y": -1}, {"_time": 53.25, "_x": -1.1, "_y": -0.9}, {"_time": 53.25, "_x": -1, "_y": -1}, {"_time": 53.45, "_x": -1, "_y": 0}, {"_time": 53.65, "_x": 0, "_y": 0}, {"_time": 53.85, "_x": 1, "_y": 0}, {"_time": 54.05, "_x": 1, "_y": 1}, {"_time": 54.25, "_x": 0, "_y": 1}, {"_time": 54.45, "_x": -1, "_y": 1}, {"_time": 54.65, "_x": -1, "_y": 0}, {"_time": 54.85, "_x": -1.1, "_y": -0.9}, {"_time": 54.85, "_x": -1, "_y": -1}, {"_time": 55.05, "_x": 0, "_y": -1}, {"_time": 55.25, "_x": 1, "_y": -1}, {"_time": 55.45, "_x": 1, "_y": 0}, {"_time": 55.65, "_x": 0, "_y": 0}, {"_time": 55.85, "_x": -1, "_y": 0}, {"_time": 56.05, "_x": -1, "_y": 1}, {"_time": 56.25, "_x": 0, "_y": 1}, {"_time": 56.45, "_x": 1.0999999, "_y": 0.9}, {"_time": 56.45, "_x": 1, "_y": 1}, {"_time": 56.65, "_x": 1, "_y": 0}, {"_time": 56.85, "_x": 1, "_y": -1}, {"_time": 57.05, "_x": 0, "_y": -1}, {"_time": 57.25, "_x": 0, "_y": 0}, {"_time": 57.45, "_x": 0, "_y": 1}, {"_time": 57.65, "_x": -1, "_y": 1}, {"_time": 57.85, "_x": -1, "_y": 0}, {"_time": 58.05, "_x": -1.1, "_y": -0.9}, {"_time": 58.05, "_x": -1, "_y": -1}, {"_time": 58.25, "_x": 0, "_y": -1}, {"_time": 58.45, "_x": 1, "_y": -1}, {"_time": 58.65, "_x": 1, "_y": 0}, {"_time": 58.85, "_x": 0, "_y": 0}, {"_time": 59.05, "_x": -1, "_y": 0}, {"_time": 59.25, "_x": -1, "_y": 1}, {"_time": 59.45, "_x": 0, "_y": 1}, {"_time": 59.65, "_x": 1.0999999, "_y": 0.9}, {"_time": 59.65, "_x": 1, "_y": 1}, {"_time": 59.85, "_x": 1, "_y": 0}, {"_time": 60.05, "_x": 0, "_y": 0}, {"_time": 60.25, "_x": -1, "_y": 0}, {"_time": 60.45, "_x": -1, "_y": -1}, {"_time": 60.65, "_x": 0, "_y": -1}, {"_time": 60.85, "_x": 1, "_y": -1}, {"_time": 61.05, "_x": 1, "_y": 0}, {"_time": 61.25, "_x": -0.100000024, "_y": 0.100000024}, {"_time": 61.25, "_x": 0, "_y": 0}, {"_time": 61.45, "_x": -1, "_y": 0}, {"_time": 61.65, "_x": -1, "_y": 1}, {"_time": 61.85, "_x": 0, "_y": 1}, {"_time": 62.05, "_x": 1, "_y": 1}, {"_time": 62.25, "_x": 1, "_y": 0}, {"_time": 62.45, "_x": 1, "_y": -1}, {"_time": 62.65, "_x": 0, "_y": -1}, {"_time": 62.85, "_x": -1.1, "_y": -0.9}, {"_time": 62.85, "_x": -1, "_y": -1}, {"_time": 63.05, "_x": -1, "_y": 0}, {"_time": 63.25, "_x": -1, "_y": 1}, {"_time": 63.45, "_x": 0, "_y": 1}, {"_time": 63.65, "_x": 0, "_y": 0}, {"_time": 63.85, "_x": 0, "_y": -1}, {"_time": 64.05, "_x": 1, "_y": -1}, {"_time": 64.25, "_x": 1, "_y": 0}, {"_time": 64.45, "_x": -1, "_y": 0}, {"_time": 64.45, "_x": -1.1, "_y": 0.100000024}, {"_time": 70.85, "_x": 1, "_y": 1}, {"_time": 71.05, "_x": 0, "_y": -1}, {"_time": 71.15, "_x": 0, "_y": 0}, {"_time": 71.35, "_x": -1, "_y": 1}, {"_time": 71.45, "_x": -1, "_y": 0}, {"_time": 71.55, "_x": -1, "_y": -1}, {"_time": 71.75, "_x": 1, "_y": -1}, {"_time": 71.85, "_x": 1, "_y": 0}, {"_time": 71.95, "_x": 0, "_y": 0}, {"_time": 72.05, "_x": -1, "_y": 0}, {"_time": 72.15, "_x": -1, "_y": 1}, {"_time": 72.25, "_x": 0, "_y": 1}, {"_time": 72.35, "_x": 1, "_y": 1}, {"_time": 72.45, "_x": 1, "_y": 0}, {"_time": 72.65, "_x": -1, "_y": -1}, {"_time": 72.75, "_x": -1, "_y": 0}, {"_time": 72.95, "_x": 1, "_y": 1}, {"_time": 73.05, "_x": 1, "_y": 0}, {"_time": 73.15, "_x": 1, "_y": -1}, {"_time": 73.35, "_x": -1, "_y": -1}, {"_time": 73.45, "_x": -1, "_y": 0}, {"_time": 73.55, "_x": -1, "_y": 1}, {"_time": 73.65, "_x": 0, "_y": 1}, {"_time": 73.75, "_x": 0, "_y": 0}, {"_time": 73.85, "_x": 0, "_y": -1}, {"_time": 73.95, "_x": 1, "_y": -1}, {"_time": 74.05, "_x": 1, "_y": 0}, {"_time": 74.25, "_x": -1, "_y": 1}, {"_time": 74.35, "_x": -1, "_y": 0}, {"_time": 74.55, "_x": 1, "_y": -1}, {"_time": 74.65, "_x": 1, "_y": 0}, {"_time": 74.75, "_x": 1, "_y": 1}, {"_time": 74.95, "_x": -1, "_y": 1}, {"_time": 75.05, "_x": -1, "_y": 0}, {"_time": 75.15, "_x": -1, "_y": -1}, {"_time": 75.25, "_x": 0, "_y": -1}, {"_time": 75.35, "_x": 0, "_y": 0}, {"_time": 75.45, "_x": 0, "_y": 1}, {"_time": 75.55, "_x": 1, "_y": 1}, {"_time": 75.65, "_x": 1, "_y": 0}, {"_time": 75.85, "_x": -1, "_y": 1}, {"_time": 75.95, "_x": 0, "_y": 1}, {"_time": 76.15, "_x": 1, "_y": -1}, {"_time": 76.25, "_x": 0, "_y": -1}, {"_time": 76.35, "_x": -1, "_y": -1}, {"_time": 76.55, "_x": -1, "_y": 1}, {"_time": 76.65, "_x": 0, "_y": 1}, {"_time": 76.75, "_x": 1, "_y": 1}, {"_time": 76.85, "_x": 1, "_y": 0}, {"_time": 76.95, "_x": 0, "_y": 0}, {"_time": 77.05, "_x": -1, "_y": 0}, {"_time": 77.15, "_x": -1, "_y": -1}, {"_time": 77.25, "_x": 1.0999999, "_y": -0.9}, {"_time": 77.25, "_x": 1, "_y": -1}, {"_time": 78.85, "_x": 0, "_y": 1}, {"_time": 78.85, "_x": 0.100000024, "_y": 1.0999999}, {"_time": 80.45, "_x": -1.1, "_y": -0.9}, {"_time": 80.45, "_x": -1, "_y": -1}, {"_time": 80.65, "_x": -1, "_y": 0}, {"_time": 80.65, "_x": -0.9, "_y": -0.100000024}, {"_time": 81.25, "_x": 1.0999999, "_y": -0.9}, {"_time": 81.25, "_x": 1, "_y": -1}, {"_time": 81.45, "_x": 1.0999999, "_y": 0.9}, {"_time": 81.45, "_x": 1, "_y": 1}, {"_time": 82.05, "_x": -1, "_y": 1}, {"_time": 82.1, "_x": -1, "_y": 0}, {"_time": 82.15, "_x": -1, "_y": -1}, {"_time": 82.2, "_x": 0, "_y": -1}, {"_time": 82.25, "_x": 0, "_y": 0}, {"_time": 82.3, "_x": 0, "_y": 1}, {"_time": 82.35, "_x": 1, "_y": 1}, {"_time": 82.4, "_x": 1, "_y": 0}, {"_time": 82.45, "_x": 1, "_y": -1}, {"_time": 82.5, "_x": 0, "_y": -1}, {"_time": 82.55, "_x": -1, "_y": -1}, {"_time": 82.6, "_x": -1, "_y": 0}, {"_time": 82.65, "_x": 0, "_y": 0}, {"_time": 82.7, "_x": 1, "_y": 0}, {"_time": 82.75, "_x": 1, "_y": 1}, {"_time": 82.8, "_x": 0, "_y": 1}, {"_time": 82.85, "_x": -1.1, "_y": 0.9}, {"_time": 82.85, "_x": -1, "_y": 1}, {"_time": 83.65, "_x": -1, "_y": -1}, {"_time": 83.75, "_x": 1, "_y": 0}, {"_time": 83.85, "_x": -1, "_y": 1}, {"_time": 83.95, "_x": 0, "_y": -1}, {"_time": 84.05, "_x": 1, "_y": 1}, {"_time": 84.15, "_x": -1, "_y": 0}, {"_time": 84.25, "_x": 1, "_y": -1}, {"_time": 84.35, "_x": 0, "_y": 1}, {"_time": 84.45, "_x": -1, "_y": -1}, {"_time": 84.55, "_x": 1, "_y": 1}, {"_time": 84.65, "_x": 0, "_y": -1}, {"_time": 84.75, "_x": -1, "_y": 1}, {"_time": 84.85, "_x": 1, "_y": -1}, {"_time": 84.9, "_x": 1, "_y": 0}, {"_time": 84.95, "_x": 1, "_y": 1}, {"_time": 85, "_x": 0, "_y": 1}, {"_time": 85.05, "_x": 0, "_y": 0}, {"_time": 85.1, "_x": 0, "_y": -1}, {"_time": 85.15, "_x": -1, "_y": -1}, {"_time": 85.2, "_x": -1, "_y": 0}, {"_time": 85.25, "_x": -1, "_y": 1}, {"_time": 85.35, "_x": 1, "_y": 1}, {"_time": 85.45, "_x": -1, "_y": 0}, {"_time": 85.55, "_x": 1, "_y": 0}, {"_time": 85.65, "_x": -1, "_y": -1}, {"_time": 85.75, "_x": 1, "_y": -1}, {"_time": 85.85, "_x": -1, "_y": 0}, {"_time": 85.95, "_x": 1, "_y": 0}, {"_time": 86.05, "_x": -1, "_y": 1}, {"_time": 86.1, "_x": -1, "_y": 0}, {"_time": 86.15, "_x": -1, "_y": -1}, {"_time": 86.2, "_x": 0, "_y": -1}, {"_time": 86.25, "_x": 0, "_y": 0}, {"_time": 86.3, "_x": 0, "_y": 1}, {"_time": 86.35, "_x": 1, "_y": 1}, {"_time": 86.4, "_x": 1, "_y": 0}, {"_time": 86.45, "_x": 1, "_y": -1}, {"_time": 86.475, "_x": 1, "_y": -1}, {"_time": 86.5, "_x": 0, "_y": -1}, {"_time": 86.525, "_x": 0, "_y": -1}, {"_time": 86.55, "_x": 0, "_y": 0}, {"_time": 86.575, "_x": 0, "_y": 0}, {"_time": 86.6, "_x": 0, "_y": 1}, {"_time": 86.625, "_x": 0, "_y": 1}, {"_time": 86.65, "_x": -1, "_y": 1}, {"_time": 86.675, "_x": -1, "_y": 1}, {"_time": 86.7, "_x": -1, "_y": 0}, {"_time": 86.725, "_x": -1, "_y": 0}, {"_time": 86.75, "_x": -1, "_y": -1}, {"_time": 86.775, "_x": -1, "_y": -1}, {"_time": 86.8, "_x": 0, "_y": -1}, {"_time": 86.825, "_x": 0, "_y": -1}, {"_time": 86.85, "_x": 1, "_y": -1}, {"_time": 86.95, "_x": 0, "_y": 1}, {"_time": 87.05, "_x": -1, "_y": -1}, {"_time": 87.15, "_x": 1, "_y": 0}, {"_time": 87.25, "_x": -1, "_y": 1}, {"_time": 87.35, "_x": 0, "_y": -1}, {"_time": 87.45, "_x": 1, "_y": 1}, {"_time": 87.55, "_x": -1, "_y": 0}, {"_time": 87.65, "_x": 1, "_y": -1}, {"_time": 87.75, "_x": 0, "_y": 1}, {"_time": 87.85, "_x": -1, "_y": -1}, {"_time": 87.95, "_x": 1, "_y": 0}, {"_time": 88.05, "_x": -1, "_y": 1}, {"_time": 88.15, "_x": 0, "_y": -1}, {"_time": 88.25, "_x": 1, "_y": 1}, {"_time": 88.35, "_x": -1, "_y": 0}, {"_time": 88.45, "_x": 1, "_y": -1}, {"_time": 88.5, "_x": 1, "_y": 0}, {"_time": 88.55, "_x": 1, "_y": 1}, {"_time": 88.6, "_x": 0, "_y": 1}, {"_time": 88.65, "_x": 0, "_y": 0}, {"_time": 88.7, "_x": 0, "_y": -1}, {"_time": 88.75, "_x": -1, "_y": -1}, {"_time": 88.8, "_x": -1, "_y": 0}, {"_time": 88.85, "_x": -1, "_y": 1}, {"_time": 88.9, "_x": 0, "_y": 1}, {"_time": 88.95, "_x": 0, "_y": 0}, {"_time": 89, "_x": 0, "_y": -1}, {"_time": 89.05, "_x": 1, "_y": -1}, {"_time": 89.1, "_x": 1, "_y": 0}, {"_time": 89.15, "_x": 1, "_y": 1}, {"_time": 89.2, "_x": 0, "_y": 1}, {"_time": 89.25, "_x": -1, "_y": 0}, {"_time": 89.3, "_x": 0, "_y": -1}, {"_time": 89.35, "_x": 1, "_y": 0}, {"_time": 89.4, "_x": 1, "_y": 1}, {"_time": 89.45, "_x": 0, "_y": 1}, {"_time": 89.5, "_x": -1, "_y": 0}, {"_time": 89.55, "_x": 0, "_y": -1}, {"_time": 89.6, "_x": 1, "_y": 0}, {"_time": 89.65, "_x": 1, "_y": 1}, {"_time": 90.05, "_x": -1, "_y": 1}, {"_time": 90.15, "_x": -1, "_y": -1}, {"_time": 90.25, "_x": 0, "_y": 1}, {"_time": 90.35, "_x": 0, "_y": -1}, {"_time": 90.45, "_x": 1, "_y": 1}, {"_time": 90.55, "_x": 1, "_y": -1}, {"_time": 90.65, "_x": 0, "_y": 1}, {"_time": 90.75, "_x": 0, "_y": -1}, {"_time": 90.85, "_x": -1, "_y": 1}, {"_time": 90.95, "_x": -1, "_y": -1}, {"_time": 91.05, "_x": 0, "_y": 1}, {"_time": 91.15, "_x": 0, "_y": -1}, {"_time": 91.25, "_x": 1, "_y": 1}, {"_time": 91.3, "_x": 0, "_y": 1}, {"_time": 91.35, "_x": -1, "_y": 1}, {"_time": 91.4, "_x": -1, "_y": 0}, {"_time": 91.45, "_x": 0, "_y": 0}, {"_time": 91.5, "_x": 1, "_y": 0}, {"_time": 91.55, "_x": 1, "_y": -1}, {"_time": 91.6, "_x": 0, "_y": -1}, {"_time": 91.65, "_x": -1, "_y": -1}, {"_time": 91.75, "_x": -1, "_y": 1}, {"_time": 91.85, "_x": 0, "_y": -1}, {"_time": 91.95, "_x": 0, "_y": 1}, {"_time": 92.05, "_x": 1, "_y": -1}, {"_time": 92.15, "_x": 1, "_y": 1}, {"_time": 92.25, "_x": 0, "_y": -1}, {"_time": 92.35, "_x": 0, "_y": 1}, {"_time": 92.45, "_x": -1, "_y": -1}, {"_time": 92.5, "_x": -1, "_y": 0}, {"_time": 92.55, "_x": -1, "_y": 1}, {"_time": 92.6, "_x": 0, "_y": 1}, {"_time": 92.65, "_x": 1, "_y": 1}, {"_time": 92.7, "_x": 1, "_y": 0}, {"_time": 92.75, "_x": 0, "_y": 0}, {"_time": 92.8, "_x": -1, "_y": 0}, {"_time": 92.85, "_x": -1, "_y": -1}, {"_time": 92.9, "_x": 0, "_y": -1}, {"_time": 92.95, "_x": 1, "_y": 0}, {"_time": 93, "_x": 0, "_y": 1}, {"_time": 93.05, "_x": -1, "_y": 0}, {"_time": 93.1, "_x": -1, "_y": -1}, {"_time": 93.15, "_x": 0, "_y": -1}, {"_time": 93.2, "_x": 1, "_y": 0}, {"_time": 93.25, "_x": 1, "_y": 1}, {"_time": 93.35, "_x": -1, "_y": 1}, {"_time": 93.45, "_x": 1, "_y": 0}, {"_time": 93.55, "_x": -1, "_y": 0}, {"_time": 93.65, "_x": 1, "_y": -1}, {"_time": 93.75, "_x": -1, "_y": -1}, {"_time": 93.85, "_x": 1, "_y": 0}, {"_time": 93.95, "_x": -1, "_y": 0}, {"_time": 94.05, "_x": 1, "_y": 1}, {"_time": 94.15, "_x": -1, "_y": 1}, {"_time": 94.25, "_x": 1, "_y": 0}, {"_time": 94.35, "_x": -1, "_y": 0}, {"_time": 94.45, "_x": 1, "_y": -1}, {"_time": 94.55, "_x": -1, "_y": -1}, {"_time": 94.65, "_x": 1, "_y": 0}, {"_time": 94.75, "_x": -1, "_y": 0}, {"_time": 94.85, "_x": 1, "_y": 1}, {"_time": 94.9, "_x": 1, "_y": 0}, {"_time": 94.95, "_x": 1, "_y": -1}, {"_time": 95, "_x": 0, "_y": -1}, {"_time": 95.05, "_x": 0, "_y": 0}, {"_time": 95.1, "_x": 0, "_y": 1}, {"_time": 95.15, "_x": -1, "_y": 1}, {"_time": 95.2, "_x": -1, "_y": 0}, {"_time": 95.25, "_x": -1, "_y": -1}, {"_time": 95.3, "_x": 0, "_y": -1}, {"_time": 95.35, "_x": 1, "_y": -1}, {"_time": 95.4, "_x": 1, "_y": 0}, {"_time": 95.45, "_x": 0, "_y": 0}, {"_time": 95.5, "_x": -1, "_y": 0}, {"_time": 95.55, "_x": -1, "_y": 1}, {"_time": 95.6, "_x": 0, "_y": 1}, {"_time": 95.65, "_x": 1, "_y": 1}, {"_time": 95.75, "_x": 0, "_y": -1}, {"_time": 95.85, "_x": -1, "_y": 1}, {"_time": 95.95, "_x": 1, "_y": 0}, {"_time": 96, "_x": 0, "_y": 0}, {"_time": 96.05, "_x": -1, "_y": 0}, {"_time": 96.15, "_x": 1, "_y": -1}, {"_time": 96.25, "_x": 0, "_y": 1}, {"_time": 96.3, "_x": 0, "_y": 0}, {"_time": 96.35, "_x": 0, "_y": -1}, {"_time": 96.45, "_x": -1, "_y": 1}, {"_time": 96.55, "_x": 1, "_y": 0}, {"_time": 96.65, "_x": -1, "_y": -1}, {"_time": 96.75, "_x": 0, "_y": 1}, {"_time": 96.85, "_x": 0, "_y": -1}, {"_time": 96.95, "_x": 1, "_y": 1}, {"_time": 97.05, "_x": -1, "_y": -1}, {"_time": 97.15, "_x": 1, "_y": 0}, {"_time": 97.25, "_x": -1, "_y": 0}, {"_time": 97.35, "_x": 1, "_y": -1}, {"_time": 97.45, "_x": -1, "_y": 1}, {"_time": 97.55, "_x": 0, "_y": -1}, {"_time": 97.65, "_x": 1, "_y": 1}, {"_time": 97.75, "_x": -1, "_y": -1}, {"_time": 97.85, "_x": 1, "_y": 0}, {"_time": 97.95, "_x": -1, "_y": 1}, {"_time": 98.05, "_x": 1, "_y": -1}, {"_time": 98.15, "_x": -1, "_y": 1}, {"_time": 98.25, "_x": 1, "_y": -1}, {"_time": 98.35, "_x": 1, "_y": 1}, {"_time": 98.45, "_x": -1, "_y": -1}, {"_time": 98.55, "_x": 1, "_y": 1}, {"_time": 98.65, "_x": -1, "_y": -1}, {"_time": 98.75, "_x": -1, "_y": 1}, {"_time": 98.85, "_x": 1, "_y": -1}, {"_time": 98.95, "_x": -1, "_y": 1}, {"_time": 99.05, "_x": 1, "_y": -1}, {"_time": 99.15, "_x": 1, "_y": 1}, {"_time": 99.25, "_x": -1, "_y": -1}, {"_time": 99.35, "_x": 1, "_y": 1}, {"_time": 99.45, "_x": -1, "_y": -1}, {"_time": 99.55, "_x": 1, "_y": 0}, {"_time": 99.65, "_x": -1, "_y": 0}, {"_time": 99.65, "_x": -0.9, "_y": -0.100000024}, {"_time": 100.05, "_x": 1, "_y": 1}, {"_time": 100.05, "_x": 1.0999999, "_y": 0.9}, {"_time": 100.45, "_x": 0, "_y": -1}, {"_time": 100.45, "_x": 0.100000024, "_y": -1.1}, {"_time": 100.65, "_x": -1, "_y": 1}, {"_time": 100.65, "_x": -0.9, "_y": 0.9}, {"_time": 100.85, "_x": 1, "_y": -1}, {"_time": 100.85, "_x": 1.0999999, "_y": -1.1}, {"_time": 101.25, "_x": 0, "_y": 1}, {"_time": 101.35, "_x": 0, "_y": -1}, {"_time": 101.45, "_x": 1, "_y": 1}, {"_time": 101.55, "_x": -1, "_y": -1}, {"_time": 101.65, "_x": 1, "_y": 0}, {"_time": 101.75, "_x": -1, "_y": 1}, {"_time": 101.85, "_x": 0, "_y": -1}, {"_time": 101.95, "_x": 1, "_y": 1}, {"_time": 102.05, "_x": -1, "_y": -1}, {"_time": 102.1, "_x": 0, "_y": -1}, {"_time": 102.15, "_x": 1, "_y": -1}, {"_time": 102.2, "_x": 1, "_y": 0}, {"_time": 102.25, "_x": 0, "_y": 0}, {"_time": 102.3, "_x": -1, "_y": 0}, {"_time": 102.35, "_x": -1, "_y": 1}, {"_time": 102.4, "_x": 0, "_y": 1}, {"_time": 102.45, "_x": 1, "_y": 1}, {"_time": 102.5, "_x": 1, "_y": 0}, {"_time": 102.55, "_x": 1, "_y": -1}, {"_time": 102.6, "_x": 0, "_y": -1}, {"_time": 102.65, "_x": 0, "_y": 0}, {"_time": 102.7, "_x": 0, "_y": 1}, {"_time": 102.75, "_x": -1, "_y": 1}, {"_time": 102.8, "_x": -1, "_y": 0}, {"_time": 102.85, "_x": -1, "_y": -1}, {"_time": 102.95, "_x": 1, "_y": 0}, {"_time": 103.05, "_x": -1, "_y": 1}, {"_time": 103.15, "_x": 0, "_y": -1}, {"_time": 103.25, "_x": 1, "_y": 1}, {"_time": 103.35, "_x": -1, "_y": 0}, {"_time": 103.45, "_x": 1, "_y": -1}, {"_time": 103.55, "_x": 0, "_y": 1}, {"_time": 103.65, "_x": -1, "_y": -1}, {"_time": 103.75, "_x": 1, "_y": 0}, {"_time": 103.85, "_x": -1, "_y": 1}, {"_time": 103.95, "_x": 0, "_y": -1}, {"_time": 104.05, "_x": 1, "_y": 1}, {"_time": 104.15, "_x": -1, "_y": 0}, {"_time": 104.25, "_x": 1, "_y": -1}, {"_time": 104.35, "_x": 0, "_y": 1}, {"_time": 104.45, "_x": -1, "_y": -1}, {"_time": 104.55, "_x": 1, "_y": 1}, {"_time": 104.65, "_x": -1, "_y": -1}, {"_time": 104.75, "_x": 1, "_y": 1}, {"_time": 104.85, "_x": 1, "_y": -1}, {"_time": 104.95, "_x": -1, "_y": 1}, {"_time": 105.05, "_x": 1, "_y": -1}, {"_time": 105.15, "_x": -1, "_y": 1}, {"_time": 105.25, "_x": -1, "_y": -1}, {"_time": 105.35, "_x": 1, "_y": 1}, {"_time": 105.45, "_x": -1, "_y": -1}, {"_time": 105.55, "_x": 1, "_y": 1}, {"_time": 105.65, "_x": 1, "_y": -1}, {"_time": 105.75, "_x": -1, "_y": 1}, {"_time": 105.85, "_x": 1, "_y": -1}, {"_time": 105.95, "_x": -1, "_y": 1}, {"_time": 106.05, "_x": 1, "_y": 0}, {"_time": 106.05, "_x": 1.0999999, "_y": -0.100000024}, {"_time": 106.45, "_x": -1, "_y": 0}, {"_time": 106.45, "_x": -0.9, "_y": -0.100000024}, {"_time": 106.85, "_x": 1, "_y": -1}, {"_time": 106.85, "_x": 1.0999999, "_y": -1.1}, {"_time": 107.05, "_x": 0, "_y": 1}, {"_time": 107.05, "_x": 0.100000024, "_y": 0.9}, {"_time": 107.25, "_x": -1.1, "_y": -0.9}, {"_time": 107.25, "_x": -1, "_y": -1}, {"_time": 107.65, "_x": 1, "_y": 1}, {"_time": 107.75, "_x": 0, "_y": -1}, {"_time": 107.85, "_x": -1, "_y": 1}, {"_time": 107.95, "_x": 1, "_y": 0}, {"_time": 108.05, "_x": -1, "_y": 0}, {"_time": 108.15, "_x": 1, "_y": -1}, {"_time": 108.25, "_x": 0, "_y": 1}, {"_time": 108.35, "_x": -1, "_y": -1}, {"_time": 108.45, "_x": 1, "_y": 1}, {"_time": 108.5, "_x": 1, "_y": 0}, {"_time": 108.55, "_x": 1, "_y": -1}, {"_time": 108.6, "_x": 0, "_y": -1}, {"_time": 108.65, "_x": 0, "_y": 0}, {"_time": 108.7, "_x": 0, "_y": 1}, {"_time": 108.75, "_x": -1, "_y": 1}, {"_time": 108.8, "_x": -1, "_y": 0}, {"_time": 108.85, "_x": -1, "_y": -1}, {"_time": 109.25, "_x": 1, "_y": 1}, {"_time": 109.45, "_x": 0, "_y": 1}, {"_time": 109.65, "_x": 0, "_y": 0}, {"_time": 109.85, "_x": 1, "_y": -1}, {"_time": 109.95, "_x": 1, "_y": 0}, {"_time": 110.05, "_x": 1, "_y": 1}, {"_time": 110.25, "_x": 0, "_y": 1}, {"_time": 110.45, "_x": -1, "_y": 0}, {"_time": 110.55, "_x": -1, "_y": -1}, {"_time": 110.65, "_x": 0, "_y": -1}, {"_time": 110.75, "_x": 0, "_y": 0}, {"_time": 110.85, "_x": 1, "_y": 1}, {"_time": 111.05, "_x": 1, "_y": 0}, {"_time": 111.25, "_x": 0, "_y": -1}, {"_time": 111.35, "_x": 0, "_y": 0}, {"_time": 111.45, "_x": -1, "_y": 1}, {"_time": 111.65, "_x": -1, "_y": 0}, {"_time": 111.85, "_x": 1, "_y": -1}, {"_time": 112.05, "_x": 1, "_y": 0}, {"_time": 112.15, "_x": 1, "_y": 1}, {"_time": 112.25, "_x": 0, "_y": 1}, {"_time": 112.35, "_x": 0, "_y": 0}, {"_time": 112.45, "_x": -1, "_y": -1}, {"_time": 112.65, "_x": -1, "_y": 0}, {"_time": 112.85, "_x": 0, "_y": 1}, {"_time": 113.05, "_x": 1, "_y": -1}, {"_time": 113.15, "_x": 0, "_y": -1}, {"_time": 113.25, "_x": 0, "_y": 0}, {"_time": 113.45, "_x": -1, "_y": 1}, {"_time": 113.65, "_x": 0, "_y": 1}, {"_time": 113.75, "_x": 1, "_y": 1}, {"_time": 113.85, "_x": 1, "_y": 0}, {"_time": 113.95, "_x": 0, "_y": 0}, {"_time": 114.05, "_x": -1, "_y": -1}, {"_time": 114.25, "_x": -1, "_y": 0}, {"_time": 114.45, "_x": 0, "_y": 1}, {"_time": 114.55, "_x": 1, "_y": 0}, {"_time": 114.65, "_x": 1, "_y": -1}, {"_time": 114.85, "_x": 0, "_y": -1}, {"_time": 115.05, "_x": -1, "_y": -1}, {"_time": 115.25, "_x": -1, "_y": 0}, {"_time": 115.45, "_x": -1, "_y": 1}, {"_time": 115.65, "_x": 1, "_y": 1}, {"_time": 115.85, "_x": 0, "_y": -1}, {"_time": 116.05, "_x": -1, "_y": 1}, {"_time": 116.25, "_x": 1, "_y": -1}, {"_time": 116.35, "_x": 1, "_y": 0}, {"_time": 116.45, "_x": 1, "_y": 1}, {"_time": 116.65, "_x": -1, "_y": -1}, {"_time": 116.85, "_x": 1, "_y": 1}, {"_time": 116.95, "_x": 1, "_y": 0}, {"_time": 117.05, "_x": 0, "_y": -1}, {"_time": 117.15, "_x": 0, "_y": 0}, {"_time": 117.25, "_x": -1, "_y": 1}, {"_time": 117.45, "_x": -1, "_y": -1}, {"_time": 117.65, "_x": 1, "_y": 0}, {"_time": 117.75, "_x": 0, "_y": 0}, {"_time": 117.85, "_x": -1, "_y": 0}, {"_time": 118.05, "_x": 1, "_y": -1}, {"_time": 118.25, "_x": 0, "_y": 1}, {"_time": 118.45, "_x": -1, "_y": -1}, {"_time": 118.55, "_x": 0, "_y": -1}, {"_time": 118.65, "_x": 1, "_y": -1}, {"_time": 118.75, "_x": 1, "_y": 0}, {"_time": 118.85, "_x": 1, "_y": 1}, {"_time": 119.05, "_x": -1, "_y": 0}, {"_time": 119.25, "_x": 1, "_y": -1}, {"_time": 119.45, "_x": 0, "_y": 1}, {"_time": 119.55, "_x": 0, "_y": 0}, {"_time": 119.65, "_x": 0, "_y": -1}, {"_time": 119.85, "_x": -1, "_y": 1}, {"_time": 120.05, "_x": 1, "_y": -1}, {"_time": 120.15, "_x": 1, "_y": 0}, {"_time": 120.25, "_x": 0, "_y": 1}, {"_time": 120.35, "_x": 0, "_y": 0}, {"_time": 120.45, "_x": -1, "_y": -1}, {"_time": 120.65, "_x": -1, "_y": 1}, {"_time": 120.85, "_x": 1, "_y": 0}, {"_time": 120.95, "_x": 0, "_y": 0}, {"_time": 121.05, "_x": -1, "_y": 0}, {"_time": 121.25, "_x": 1, "_y": -1}, {"_time": 121.45, "_x": 1, "_y": 0}, {"_time": 121.65, "_x": 1, "_y": 1}, {"_time": 121.85, "_x": 0, "_y": 1}, {"_time": 122.05, "_x": -1, "_y": 1}]}